0,1,2,3,4,5,6,7
Patrocinado,Yakiniku Rikyu,267 opinionesAbierto ahora,"Japonesa, Barbacoa‚Ç¨‚Ç¨ - ‚Ç¨‚Ç¨‚Ç¨Carta",Para repetir sin duda,Muy buen lugar tranquilo,Reservar,
1. Bardero,106 opinionesAbierto ahora,"Mediterr√°nea, Europea‚Ç¨‚Ç¨ - ‚Ç¨‚Ç¨‚Ç¨Carta",Comida espectacular por 37‚Ç¨ por persona,Una experiencia imperdible ir a comer en Bardero. Reserva con tiempo. Dentro de poco ni lugar se va a a conseguir.,,,
2. Pizzart Fuencarral,940 opinionesAbierto ahora,"Italiana, Pizza‚Ç¨‚Ç¨ - ‚Ç¨‚Ç¨‚Ç¨Carta",Excelente comida,Buen√≠simo todo perfecto üëåüèΩ,Hacer pedido online,,
3. Ornella Vel√°zquez,2317 opinionesAbierto ahora,"Italiana, Mediterr√°nea‚Ç¨‚Ç¨ - ‚Ç¨‚Ç¨‚Ç¨Carta",La parmigiana de la nonna y la atencion 10/10,Buen italiano en Madrid,,,
4. Lettera Trattoria moderna,1564 opinionesAbierto ahora,"Italiana, Mediterr√°nea‚Ç¨‚Ç¨ - ‚Ç¨‚Ç¨‚Ç¨Carta",Muy recomendable,Genial,ReservarHacer pedido online,,
5. Pizzart Villa Canalejas,901 opinionesAbierto ahora,"Italiana, Pizza‚Ç¨‚Ç¨ - ‚Ç¨‚Ç¨‚Ç¨Carta",Magnifico,Todo genial,,,
Patrocinado,La C√∫pula - Sal√≥n Japon√©s,3 opinionesCerrado ahora,"Japonesa, Internacional‚Ç¨‚Ç¨ - ‚Ç¨‚Ç¨‚Ç¨Carta",Gran trato y espectacular local,Beware,Reservar,
6. Pummarola,605 opinionesAbierto ahora,"Italiana, Pizza‚Ç¨‚Ç¨ - ‚Ç¨‚Ç¨‚Ç¨",8 km,Pozuelo de Alarc√≥n,Imprescindible en pozuelo,La atenci√≥n de Marco,
7. Brunchit Malasa√±a,548 opinionesAbierto ahora,"Caf√©, Internacional‚Ç¨‚Ç¨ - ‚Ç¨‚Ç¨‚Ç¨Carta",Buen brunch,Todo genial,,,
8. Ouh...Babbo!,665 opinionesAbierto ahora,"Italiana, Pizza‚Ç¨‚Ç¨ - ‚Ç¨‚Ç¨‚Ç¨Carta",Comida deliciosa a precio ajustado,Excepcional italiano,Reservar,,
9. Restaurante Excalibur Madrid,170 opinionesAbierto ahora,"Restaurante de carne, Europea‚Ç¨‚Ç¨ - ‚Ç¨‚Ç¨‚Ç¨Carta",Espect√°culo,Sorprendente,Reservar,,
10. Rigatoni,250 opinionesAbierto ahora,"Italiana, Mediterr√°nea‚Ç¨‚Ç¨ - ‚Ç¨‚Ç¨‚Ç¨Carta",15.5 km,Majadahonda,Cena espectacular Italiana. Trato genial y comida fant√°stica.,Excelente todo,
Patrocinado,Punch Room - The Madrid Edition,6 opinionesCerrado hoy,"Bares y pubs, Bar",Speakeasy,BAR,,
11. Davanti Food & Market,413 opinionesAbierto ahora,"Italiana, Mediterr√°nea‚Ç¨‚Ç¨ - ‚Ç¨‚Ç¨‚Ç¨Carta","Buena comida, local muy agradable",Espectacular,Reservar,,
12. Entre Santos Madrid,1346 opinionesCerrado hoy,"Mediterr√°nea, Europea‚Ç¨‚Ç¨ - ‚Ç¨‚Ç¨‚Ç¨Carta",Buen ambiente. Cocteler√≠a estupenda,CALIDEZ EN LA ATENCION,,,
13. Trattoria Malatesta,2138 opinionesAbierto ahora,"Italiana, Pizza‚Ç¨‚Ç¨ - ‚Ç¨‚Ç¨‚Ç¨Carta",Aut√©ntica pizza italiana,Comida sabrosa.,Reservar,,
14. Minelli 1960,111 opinionesAbierto ahora,"Italiana, Pizza‚Ç¨‚Ç¨ - ‚Ç¨‚Ç¨‚Ç¨Carta",Italiano imprescindible,Very best Italian in Madrid,,,
15. Oven Mozzarella Gran V√≠a 6,5337 opinionesAbierto ahora,"Italiana, Pizza‚Ç¨‚Ç¨ - ‚Ç¨‚Ç¨‚Ç¨Carta",Genial,Excelente restaurante!,,,
16. Lab '84,75 opinionesCerrado ahora,"Italiana, Pizza‚Ç¨‚Ç¨ - ‚Ç¨‚Ç¨‚Ç¨Carta",Muy Fan de este lugar.,Excelente restaurante.,ReservarHacer pedido online,,
17. Sibuya Urban Sushi Bar Madrid C/Orense,871 opinionesAbierto ahora,"Japonesa, Sushi‚Ç¨‚Ç¨ - ‚Ç¨‚Ç¨‚Ç¨Carta",La comida y el servicio,Rica comida y excelente ambiente,,,
18. Gustazio Gastrobar,237 opinionesAbierto ahora,"Italiana, Mediterr√°nea‚Ç¨‚Ç¨ - ‚Ç¨‚Ç¨‚Ç¨Carta",La mejor pizza que puedas comer (al menos en Madrid),Uno de los mejores italianos que hemos comido,,,
19. Smok Mok,103 opinionesAbierto ahora,"Japonesa, Asi√°tica‚Ç¨",Incre√≠ble!!!!,Brutal!,,,
20. Piccola Napoli,500 opinionesAbierto ahora,"Italiana, Pizza‚Ç¨Carta",Comida muy rica y a buen precio,Buena Carbonara,,,
21. Da Luca,451 opinionesAbierto ahora,"Italiana, Pizza‚Ç¨‚Ç¨ - ‚Ç¨‚Ç¨‚Ç¨Carta",14.6 km,Alcobendas,Comida en familia,Comida italiana en ambiente agradable,ReservarHacer pedido online
22. Il Pizzaiolo,929 opinionesAbierto ahora,"Italiana, Pizza‚Ç¨‚Ç¨ - ‚Ç¨‚Ç¨‚Ç¨",Gran descubrimiento,Todo un acierto!!,Hacer pedido online,,
23. Pastamore,1024 opinionesAbierto ahora,"Italiana, Pizza‚Ç¨‚Ç¨ - ‚Ç¨‚Ç¨‚Ç¨",Deliciosa la comida,Excelente comida y atenci√≥n,Hacer pedido online,,
24. Oven Mozzarella,712 opinionesAbierto ahora,"Italiana, Pizza‚Ç¨‚Ç¨ - ‚Ç¨‚Ç¨‚Ç¨",Excelente como siempre,Genial todo,,,
25. Gourmet Experience Gran V√≠a,1029 opinionesAbierto ahora,"Japonesa, Comida r√°pida‚Ç¨‚Ç¨ - ‚Ç¨‚Ç¨‚Ç¨",Gran via,Para Repetir,,,
26. Proverbium,302 opinionesAbierto ahora,"Italiana, Mediterr√°nea‚Ç¨‚Ç¨ - ‚Ç¨‚Ç¨‚Ç¨Carta",15 km,Boadilla del Monte,Siempre rico,Cumplea√±os,
27. Dans Le Noir ?,460 opinionesCerrado ahora,"Mediterr√°nea, Europea‚Ç¨‚Ç¨‚Ç¨‚Ç¨Carta",Muy buena experiencia!,Experiencia Maravillosa!!!!!!,Reservar,,
28. Kamado Asian Food X-Madrid,229 opinionesAbierto ahora,"Asi√°tica, Tailandesa‚Ç¨‚Ç¨ - ‚Ç¨‚Ç¨‚Ç¨Carta",15 km,Alcorc√≥n,Kamado en X Madrid,Muy bien,Hacer pedido online
29. PICCOLO DIAVOLO,689 opinionesAbierto ahora,"Italiana, Pizza‚Ç¨‚Ç¨ - ‚Ç¨‚Ç¨‚Ç¨",Restaurante italiano Madrid,MUY BUENO,Hacer pedido online,,
30. Raza Madrid,188 opinionesAbierto ahora,"Restaurante de carne, Mediterr√°nea‚Ç¨‚Ç¨‚Ç¨‚Ç¨Carta",Bien pero sorpresa,Una aut√©ntica maravilla,,,
Patrocinado,Punch Room - The Madrid Edition,6 opinionesCerrado hoy,"Bares y pubs, Bar",Speakeasy,BAR,,
31. Eatmytrip Brunch & Cocktails Madrid,203 opinionesAbierto ahora,"Americana, Caf√©‚Ç¨‚Ç¨ - ‚Ç¨‚Ç¨‚Ç¨Carta",100% Recomendado,Un espect√°culo!!,,,
MICHELIN,32. marmit√≥n,89 opinionesAbierto ahora,"Mediterr√°nea, Europea‚Ç¨‚Ç¨ - ‚Ç¨‚Ç¨‚Ç¨Carta",Sorprendente,Excelente,Reservar,
33. Pizzeria Vesuvio -Hortaleza,796 opinionesAbierto ahora,"Italiana, Pizza‚Ç¨Carta","Muy recomendable,personal amable",Me encanta. Las pizzas est√°n buen√≠simas.,,,
MICHELIN,34. Vinoteca Morat√≠n,1221 opinionesCierra en 13 minutos,"Internacional, Mediterr√°nea‚Ç¨‚Ç¨ - ‚Ç¨‚Ç¨‚Ç¨Carta",Simplemente extraordinario,Restaurante √∫nico en la zona,,
35. BLoved,475 opinionesCierra en 13 minutos,"Internacional, Mediterr√°nea‚Ç¨‚Ç¨ - ‚Ç¨‚Ç¨‚Ç¨Carta",Cuqui,Todo excelente,19:00,19:30,20:00
Patrocinado,Yakiniku Rikyu,267 opinionesAbierto ahora,"Japonesa, Barbacoa‚Ç¨‚Ç¨ - ‚Ç¨‚Ç¨‚Ç¨Carta",Para repetir sin duda,Muy buen lugar tranquilo,Reservar,
36. Trattoria Pulcinella,2786 opinionesAbierto ahora,"Italiana, Napolitana‚Ç¨‚Ç¨ - ‚Ç¨‚Ç¨‚Ç¨Carta",Cena con amigos,Excelente restaurante italiano en Madrid,,,
37. Oven Mozzarella Bar Fuencarral,4135 opinionesAbierto ahora,"Italiana, Pizza‚Ç¨‚Ç¨ - ‚Ç¨‚Ç¨‚Ç¨Carta",Cena exquisita,Incre√≠ble,,,
38. Pizzie & Dixie,210 opinionesAbierto ahora,"Italiana, Pizza‚Ç¨‚Ç¨ - ‚Ç¨‚Ç¨‚Ç¨",Comida sin gluten y vegana,Excelente calidad y preparaci√≥n,,,
39. Fiaschetteria La Saletta,298 opinionesAbierto ahora,"Italiana, Pizza‚Ç¨",Perfecta opci√≥n de cocina italiana autentica,Italia,,,
40. Ronda 14,983 opinionesAbierto ahora,"Japonesa, Peruana‚Ç¨‚Ç¨ - ‚Ç¨‚Ç¨‚Ç¨Carta",Excelente cena familiar,Descubriendo,,,
Patrocinado,La C√∫pula - Sal√≥n Japon√©s,3 opinionesCerrado ahora,"Japonesa, Internacional‚Ç¨‚Ç¨ - ‚Ç¨‚Ç¨‚Ç¨Carta",Gran trato y espectacular local,Beware,Reservar,
41. Bombardino Caf√©,353 opinionesCerrado ahora,"Italiana, Mediterr√°nea‚Ç¨‚Ç¨ - ‚Ç¨‚Ç¨‚Ç¨Carta",Experiencia inolvodable,Evento en Bombardino,,,
42. Matilda,760 opinionesAbierto ahora,"Caf√© y t√©, Caf√©‚Ç¨","Buen trato, rica comida",Desayuno de s√°bado en Madrid,,,
43. Oliveto,380 opinionesCerrado ahora,"Italiana, Mediterr√°nea‚Ç¨‚Ç¨ - ‚Ç¨‚Ç¨‚Ç¨","Todo muy bueno, solo he echado de menos alg√∫n tipo de ensalada. Por lo dem√°s acogedor, buen trato y muy familiar.",Fenomenal!!,Hacer pedido online,,
44. Etnico Madrid,141 opinionesCerrado ahora,"Bares y pubs, Latina‚Ç¨‚Ç¨ - ‚Ç¨‚Ç¨‚Ç¨",Excelente cocteleriaBar,Fant√°stico!,,,
MICHELIN,45. Pilar Akaneya,276 opinionesCerrado ahora,"Japonesa, Barbacoa‚Ç¨‚Ç¨‚Ç¨‚Ç¨",Muy bueno,EXCEPCIONAL EXPERIENCIA,,
46. La General Bistr√≥ & Caf√©,403 opinionesAbierto ahora,"Caf√© y t√©, Caf√©‚Ç¨‚Ç¨ - ‚Ç¨‚Ç¨‚Ç¨Carta",BBB,Buena comida y ambiente agradable,,,
47. Araldo Arte del Gusto,211 opinionesAbierto ahora,"Italiana, Pizza‚Ç¨‚Ç¨ - ‚Ç¨‚Ç¨‚Ç¨Carta",Restaurante italiano de calidad.materia prima de primera calidad.,Un pizza deliciosa llena de sabor,,,
48. Ristorante Reginella,681 opinionesAbierto ahora,"Italiana, Pizza‚Ç¨‚Ç¨ - ‚Ç¨‚Ç¨‚Ç¨Carta",Masa aireada y sabrosa pizza,Buenas pizzas,,,
49. Eatmytrip Brunch & Dinner Madrid,62 opinionesAbierto ahora,"Americana, Internacional‚Ç¨‚Ç¨ - ‚Ç¨‚Ç¨‚Ç¨Carta",Tambi√©n tienen cenas los fines de semana y est√°n genial!!,Una buena comida y el servicio por parte de Maichel excelente,,,
50. Menomale,204 opinionesAbierto ahora,"Italiana, Pizza‚Ç¨‚Ç¨ - ‚Ç¨‚Ç¨‚Ç¨Carta",Maravilla,Men√∫ diario regalado,ReservarHacer pedido online,,
51. Casa Crimi,32 opiniones,"Italiana, Mediterr√°nea‚Ç¨‚Ç¨ - ‚Ç¨‚Ç¨‚Ç¨Carta","Espectacular, como siempre",¬°ESPECTACULAR!,ReservarHacer pedido online,,
52. Mam√∫a Caf√© Bar. Specialty coffee,129 opinionesAbierto ahora,"Caf√©, Europea‚Ç¨Carta",FANTASTICO,Tortilla original,,,
53. Pizzart Villa Luchana,775 opinionesAbierto ahora,"Italiana, Pizza‚Ç¨‚Ç¨ - ‚Ç¨‚Ç¨‚Ç¨Carta",Buena vibra ‚ú®,Italiano acogedor,,,
54. Dr Limon,81 opinionesAbierto ahora,"Caf√©, Internacional‚Ç¨‚Ç¨ - ‚Ç¨‚Ç¨‚Ç¨",Totalmente recomendable,buen trato,,,
55. Filu e Ferru,37 opiniones,"Italiana, Mediterr√°nea‚Ç¨‚Ç¨ - ‚Ç¨‚Ç¨‚Ç¨",Cocina sarda en Madrid,"Comimos muy muy bien;el pescado y el marisco fresquisimos,probamos el bacalao con una salsa que estaba exquisita;volver√©",,,
56. Latasia,480 opinionesAbierto ahora,"Peruana, Latina‚Ç¨‚Ç¨ - ‚Ç¨‚Ç¨‚Ç¨Carta",Buen√≠simo,Cocina creativa muy sabrosa,,,
57. Sibuya Urban Sushi Bar X-Madrid,337 opinionesAbierto ahora,"Japonesa, Sushi‚Ç¨‚Ç¨ - ‚Ç¨‚Ç¨‚Ç¨Carta",11.6 km,Alcorc√≥n,super bien,Nunca falla,
58. La Pizzateca,1150 opinionesCerrado ahora,"Italiana, Pizza‚Ç¨",La mejor pizza de queso que he comido nunca.,Los j√≥venes que nos atendieron nos dieron la bienvenida y se aseguraron que tuvi√©ramos una muy buena experiencia.,Hacer pedido online,,
59. Sibuya Urban Sushi Bar Madrid C/ibiza,724 opinionesAbierto ahora,"Japonesa, Sushi‚Ç¨‚Ç¨ - ‚Ç¨‚Ç¨‚Ç¨Carta",Delicioso,Buen trato y buena comida,,,
60. Incl√°n Brutal Bar,5570 opinionesAbierto ahora,"Bar, Mediterr√°nea‚Ç¨‚Ç¨ - ‚Ç¨‚Ç¨‚Ç¨Carta",Un lugar diferente donde comer,Sitio para repetir,,,
