restaurante,gastronomia,precio,opinion,rese√±a
Yakiniku Rikyu,Japonesa,Medio,267 opiniones,Patrocinado
marmit√≥n,Mediterr√°nea,Medio,89 opiniones,MICHELIN
Vinoteca Morat√≠n,Internacional,Medio,1221 opiniones,MICHELIN
Pilar Akaneya,Japonesa,Alto,276 opiniones,MICHELIN
Gioia,Italiana,Medio,387 opiniones,MICHELIN
Noi Ristorante,Italiana,Medio,244 opiniones,MICHELIN
Mudr√° Plant Based Recoletos,Internacional,Medio,67 opiniones,MICHELIN
La MaM√° Restaurante,Mediterr√°nea,Medio,225 opiniones,MICHELIN
Sisapo,Mediterr√°nea,Medio,71 opiniones,MICHELIN
RECREO Espartinas,Mediterr√°nea,Medio,366 opiniones,MICHELIN
Miyama,Japonesa,Alto,837 opiniones,MICHELIN
Deessa,Mediterr√°nea,Alto,52 opiniones,MICHELIN
Hotaru Madrid,Japonesa,Alto,199 opiniones,MICHELIN
Yugo the Bunker,Japonesa,Alto,342 opiniones,MICHELIN
Coque,Internacional,Alto,476 opiniones,MICHELIN
El pedrusco de Aldealcorvo,Internacional,Medio,223 opinionesCierra en 6 minutos,MICHELIN
KABUKI WELLINGTON SL,Japonesa,Alto,974 opiniones,MICHELIN
Kabuki,Japonesa,Alto,725 opiniones,MICHELIN
Restaurante Lakasa,Mediterr√°nea,Medio,1161 opiniones,MICHELIN
Bardero,Mediterr√°nea,Medio,106 opiniones,Comida espectacular por 37‚Ç¨ por persona
Pizzart Fuencarral,Italiana,Medio,940 opiniones,Excelente comida
Ornella Vel√°zquez,Italiana,Medio,2317 opiniones,La parmigiana de la nonna y la atencion 10/10
Lettera Trattoria moderna,Italiana,Medio,1564 opiniones,Muy recomendable
Pizzart Villa Canalejas,Italiana,Medio,901 opiniones,Magnifico
Pummarola,Italiana,Medio,605 opiniones,8 km
Brunchit Malasa√±a,Caf√©,Medio,548 opiniones,Buen brunch
Ouh...Babbo!,Italiana,Medio,665 opiniones,Comida deliciosa a precio ajustado
Restaurante Excalibur Madrid,Restaurante de carne,Medio,170 opiniones,Espect√°culo
Rigatoni,Italiana,Medio,250 opiniones,15.5 km
Davanti Food & Market,Italiana,Medio,413 opiniones,"Buena comida, local muy agradable"
Entre Santos Madrid,Mediterr√°nea,Medio,1346 opiniones,Buen ambiente. Cocteler√≠a estupenda
Trattoria Malatesta,Italiana,Medio,2138 opiniones,Aut√©ntica pizza italiana
Minelli 1960,Italiana,Medio,111 opiniones,Italiano imprescindible
Oven Mozzarella Gran V√≠a 6,Italiana,Medio,5337 opiniones,Genial
Lab '84,Italiana,Medio,75 opiniones,Muy Fan de este lugar.
Sibuya Urban Sushi Bar Madrid C/Orense,Japonesa,Medio,871 opiniones,La comida y el servicio
Gustazio Gastrobar,Italiana,Medio,237 opiniones,La mejor pizza que puedas comer (al menos en Madrid)
Smok Mok,Japonesa,Bajo,103 opiniones,Incre√≠ble!!!!
Piccola Napoli,Italiana,Bajo,500 opiniones,Comida muy rica y a buen precio
Da Luca,Italiana,Medio,451 opiniones,14.6 km
Il Pizzaiolo,Italiana,Medio,929 opiniones,Gran descubrimiento
Pastamore,Italiana,Medio,1024 opiniones,Deliciosa la comida
Oven Mozzarella,Italiana,Medio,712 opiniones,Excelente como siempre
Gourmet Experience Gran V√≠a,Japonesa,Medio,1029 opiniones,Gran via
Proverbium,Italiana,Medio,302 opiniones,15 km
Dans Le Noir ?,Mediterr√°nea,Alto,460 opiniones,Muy buena experiencia!
Kamado Asian Food X-Madrid,Asi√°tica,Medio,229 opiniones,15 km
PICCOLO DIAVOLO,Italiana,Medio,689 opiniones,Restaurante italiano Madrid
Raza Madrid,Restaurante de carne,Alto,188 opiniones,Bien pero sorpresa
Eatmytrip Brunch & Cocktails Madrid,Americana,Medio,203 opiniones,100% Recomendado
Pizzeria Vesuvio -Hortaleza,Italiana,Bajo,796 opiniones,"Muy recomendable,personal amable"
BLoved,Internacional,Medio,475 opiniones,Cuqui
Trattoria Pulcinella,Italiana,Medio,2786 opiniones,Cena con amigos
Oven Mozzarella Bar Fuencarral,Italiana,Medio,4135 opiniones,Cena exquisita
Pizzie & Dixie,Italiana,Medio,210 opiniones,Comida sin gluten y vegana
Fiaschetteria La Saletta,Italiana,Bajo,298 opiniones,Perfecta opci√≥n de cocina italiana autentica
Ronda 14,Japonesa,Medio,983 opiniones,Excelente cena familiar
Bombardino Caf√©,Italiana,Medio,353 opiniones,Experiencia inolvodable
Matilda,Caf√© y t√©,Bajo,760 opiniones,"Buen trato, rica comida"
Oliveto,Italiana,Medio,380 opiniones,"Todo muy bueno, solo he echado de menos alg√∫n tipo de ensalada. Por lo dem√°s acogedor, buen trato y muy familiar."
Etnico Madrid,Bares y pubs,Medio,141 opiniones,Excelente cocteleriaBar
La General Bistr√≥ & Caf√©,Caf√© y t√©,Medio,403 opiniones,BBB
Araldo Arte del Gusto,Italiana,Medio,211 opiniones,Restaurante italiano de calidad.materia prima de primera calidad.
Ristorante Reginella,Italiana,Medio,681 opiniones,Masa aireada y sabrosa pizza
Eatmytrip Brunch & Dinner Madrid,Americana,Medio,62 opiniones,Tambi√©n tienen cenas los fines de semana y est√°n genial!!
Menomale,Italiana,Medio,204 opiniones,Maravilla
Casa Crimi,Italiana,Medio,32 opiniones,"Espectacular, como siempre"
Mam√∫a Caf√© Bar. Specialty coffee,Caf√©,Bajo,129 opiniones,FANTASTICO
Pizzart Villa Luchana,Italiana,Medio,775 opiniones,Buena vibra ‚ú®
Dr Limon,Caf√©,Medio,81 opiniones,Totalmente recomendable
Filu e Ferru,Italiana,Medio,37 opiniones,Cocina sarda en Madrid
Latasia,Peruana,Medio,480 opiniones,Buen√≠simo
Sibuya Urban Sushi Bar X-Madrid,Japonesa,Medio,337 opiniones,11.6 km
La Pizzateca,Italiana,Bajo,1150 opiniones,La mejor pizza de queso que he comido nunca.
Sibuya Urban Sushi Bar Madrid C/ibiza,Japonesa,Medio,724 opiniones,Delicioso
Incl√°n Brutal Bar,Bar,Medio,5570 opiniones,Un lugar diferente donde comer
CHILA,China,Medio,88 opiniones,Buen y original restaurante chino
Angelita Madrid,Internacional,Medio,809 opiniones,centrico y muy buen vino y comida
Divino Tinto,Mediterr√°nea,Medio,278 opiniones,Recomendado 100%
Pizzamascalzone,Italiana,Medio,157 opiniones,Experiencia √∫nica
BAMMBAO,China,Medio,15 opiniones,Comida china innovadora muy top
√âccolo,Italiana,Medio,133 opiniones,Gusto de sitio
Maximo's,Japonesa,Medio,269 opiniones,Sushi de calidad
Taberna M√°s Al Sur,Mediterr√°nea,Medio,6329 opiniones,Excelente!
Peppe Fusco The Italian,Italiana,Medio,606 opiniones,Comida exquisita. Relaci√≥n calidad/precio sobresaliente.
Metro Bistr√≥ - Plaza Mayor,Mediterr√°nea,Medio,1882 opiniones,Precio Calidad a Tope
Cromia,Americana,Medio,20 opiniones,Parrillada vzlana deliciosa!
Waraku,Japonesa,Medio,76 opiniones,Top Japon√©s
Mitiko,China,Alto,96 opiniones,Delicioso
A v√Ånvera,Italiana,Medio,444 opiniones,Trato excepcional y comida de 10
Enklima,Mediterr√°nea,Medio,231 opiniones,Absolutamente perfecto
Kaiten Sushi Madrid,Japonesa,Medio,270 opiniones,Muy buena experiencia y variedad
Gramabar,Americana,Medio,1656 opiniones,Riquisimoooo
BIZZO! Moncloa,Italiana,Bajo,169 opiniones,¬°¬°¬°DE LOS MEJORES !!!
Sibuya Urban Sushi Bar Chueca,Japonesa,Medio,1014 opiniones,Excelente calidad/precio
Tacocteler√≠a,Bares y pubs,Medio,114 opiniones,Fant√°stico!
Malafemmena,Italiana,Medio,1512 opiniones,Italiano con toques diferentes
Mamma Maria,Italiana,Medio,439 opinionesCierra en 6 minutos,11 km
La Burbujer√≠a,Mediterr√°nea,Medio,144 opiniones,"Qu√© rico todo, qu√© amables"
El 11 Resto-Brunch,Francesa,Medio,47 opiniones,Recomendable
Grosso Napoletano Senza Glutine,Italiana,Medio,66 opiniones,Gran opci√≥n para celiacos
izakaya Han,Japonesa,Medio,469 opiniones,Siuuuuuuu
Sandy Barracane,Italiana,Medio,78 opiniones,Sin palabras.
Mamma Maria,Italiana,Medio,439 opiniones,11 km
Cafeteria Neila,Bar,Bajo,133 opiniones,ideal para la cervecita y el pincho
Taberna de Pe√±alver,Marisco,Medio,1123 opiniones,Gran servicio y comida
Santita Virgen de los Peligros,Mexicana,Medio,1086 opiniones,Fant√°stico postre
La Piramide,Internacional,Medio,230 opiniones,Fant√°stica celebraci√≥n familiar
La Piccola Trattoria,Italiana,Medio,332 opiniones,Insuperable
Lamiak,Bar,Bajo,313 opiniones,"Genial, rico, barato y buen ambiente"
Emma y Julia,Italiana,Medio,543 opiniones,Buen italiano en plena Cava Baja
Pizzeria Fratelli,Italiana,Medio,466 opiniones,Muy buena experiencia
Casa Lucas,Mediterr√°nea,Medio,1381 opiniones,"Excelente, un cl√°sico"
MACAO Pr√≠ncipe,Japonesa,Medio,376 opiniones,Platos diferentes.
Vinos de Bellota,Mediterr√°nea,Medio,884 opiniones,Siempre es un acierto
Maruzzella,Italiana,Medio,1022 opiniones,Comida 100% italiana
Cervecer√≠a El Ca√±o,Bar,Bajo,269 opiniones,Cada vez que vengo a Madrid repito
Acqua In Bocca Trattoria,Italiana,Medio,90 opiniones,Italiano incre√≠ble. Excelente elecci√≥n
Sto Globo Sushi Room,Japonesa,Medio,346 opinionesCierra en 2 minutos,Siguen siendo los mejores
Saz√≥n-arte,Mediterr√°nea,Medio,313 opiniones,Estupenda cena de tapeo
Sr. Ito,Japonesa,Medio,975 opiniones,Sabor y atenci√≥n excelente
Rioko Nikkei Sushi Bar,Japonesa,Medio,67 opiniones,Un restaurante especial y acogedor
Cruda Restaurante,Mexicana,Medio,533 opiniones,Estupendo
Trattoria Pizzeria A'Fenestella,Italiana,Medio,265 opiniones,Se solucion√≥ el malentendido
Restaurante Gaudium Chamber√≠,Mediterr√°nea,Medio,175 opiniones,Original y cl√°sico
Isabella Restaurante,Italiana,Medio,51 opiniones,Muy agradable a la vista y paladar
I Malavoglia,Italiana,Medio,52 opiniones,Sitio tranquilo. Buenas pizzas
Guasa Madrid,Fusi√≥n,Medio,75 opiniones,Fenomenal
Lamonarracha-Chamber√≠,Japonesa,Medio,91 opiniones,Un japon√©s diferente con platos realmente buenos y un trato espectacular
Oven mozzarella Bar Las Tablas,Italiana,Medio,1361 opiniones,Comida deliciosa y excelente servicio
Cafe Grill La Luna,Italiana,Medio,94 opiniones,15.1 km
Yakiniku Rikyu,Japonesa,Medio,267 opinionesCierra en 2 minutos,Para repetir sin duda
Empanadas Malv√≥n,Latina,Medio,86 opiniones,Empanadas de 10
Pante Cucina Siciliana,Italiana,Medio,194 opiniones,Delicioso
La Gaditana Castellana,Internacional,Medio,1971 opiniones,Con ganas de volver!
Hddn Premium Mixology & Cuisine,Bares y pubs,Alto,47 opiniones,lugar especialmente bonito
Teta & Sopa,Japonesa,Medio,19 opiniones,Comida sorprendente
RESTAURANTE DOLCE VITA COSLADA,Mediterr√°nea,Medio,420 opiniones,13.6 km
Restaurante Morgana,Mediterr√°nea,Medio,978 opiniones,Buena cena de gastronom√≠a gallega
Macuto / Aut√©ntico Latino,Mexicana,Medio,41 opiniones,Recomendable
La Rollerie- Calle Mayor,Americana,Medio,766 opiniones,Desayuno rico
Oven Mozzarella Gran V√≠a 55,Italiana,Medio,2264 opiniones,Comida en familia
Amordmadre,Mediterr√°nea,Medio,428 opiniones,RECOMENDADO 100%
Campesino Burger Al Carb√≥n,Americana,Bajo,239 opiniones,Buena materia prima a un precio razonable
Camino Sacramento,Restaurante de carne,Medio,430 opiniones,Gran lugar para comer bien
Restaurante √Åtico,Mediterr√°nea,Alto,1123 opiniones,Inmejorable
GastroV√≠a 61,Mediterr√°nea,Medio,2039 opiniones,Genial
Massa Pizza,Italiana,Medio,452 opiniones,"Buena pizza, buena atenci√≥n üëåüèº"
Yatai Market,Tentempi√©s,Medio,335 opiniones,Mercado con esp√≠ritu oriental
La Piperna,Italiana,Medio,478 opiniones,Excelente comida y amplia carta de vinos
MICASITA BUVETTE,Mediterr√°nea,Medio,115 opiniones,Tercio fr√≠o
Trattoria La Tavernetta,Italiana,Medio,326 opiniones,Excelente
Burmet,Mexicana,Medio,89 opiniones,No quebr√≥
Pok√© Friendly,Japonesa,Medio,53 opiniones,Muy rico y muy contentos!
Nacho Bravo,Mexicana,Bajo,157 opiniones,Rico rico
Restaurante La Gaditana,Mediterr√°nea,Medio,2384 opiniones,Buen bar cerca del wizink
Queen Burger Gourmet,Italiana,Medio,289 opiniones,Hamburguesas muy buenas
Santita Fuencarral,Mexicana,Medio,1072 opiniones,Comida sabrosa y c√≥cteles de rechupete
Yakitoro Castellana,Japonesa,Medio,2262 opiniones,Mejor de lo esperado
La Capricciosa Italiana,Italiana,Bajo,122 opiniones,Muy rico todo
Restaurante Luxury,China,Medio,546 opiniones,pato trufa .nigri.uramakir
Lafayette,Francesa,Medio,200 opiniones,Buena opci√≥n
La Tabarra Madrid,Bar,Medio,71 opiniones,Camarero muy atento i eficiente.
Bar Selva,Mediterr√°nea,Bajo,175 opiniones,Buen sitio para ir de men√∫
Impasta,Italiana,Medio,66 opiniones,Varios d√≠as en Madrid
Viva Chapata,Bar,Medio,184 opiniones,Comida vegana en Lavapies
El Cocodrilo,Bar,Medio,226 opiniones,Buen sitio para ir con amigos. Buena carne
Passaparola L¬¥Originale,Italiana,Medio,300 opiniones,Italiano DELICIOSO!!
L' Incanto Gastrobar,Italiana,Medio,25 opiniones,"No hay palabras a la lengua, para describir lo rico que esta"
Pasta Mito,Italiana,Medio,221 opiniones,Comida italiana
Taberna el Sur,Bar,Medio,8580 opiniones,Excelente calidad
Propaganda,Italiana,Medio,135 opiniones,Italiano acogedor
Pituca Lounge,Bares y pubs,Medio,185 opiniones,Recomendado 100%
Divina Dolores,Internacional,Medio,63 opiniones,Excelente restaurante
Puccias | Sandwicher√≠a Delicatessen,Comida r√°pida,Medio,72 opiniones,100% recomendable
Lamucca de Prado,Italiana,Medio,1958 opiniones,Sorprendente
El Rincon del Cabo,Bar,Medio,394 opiniones,Chulo
Sublime Dreams Food,Americana,Medio,243 opiniones,MUY BIEN
WelkhomeClub,Latina,Bajo,168 opiniones,Welcome Club lugar para pasarla incre√≠ble
niM√ö Barquillo,Mediterr√°nea,Medio,870 opiniones,"Comida muy rica, ambiente cl√°sico"
Mes√≥n Molinero,Restaurante de carne,Medio,376 opiniones,Grandioso
Bah√≠a Taberna,Internacional,Medio,1478 opiniones,"comida buena, servicio tb pero algo caro"
Lazzarella,Italiana,Medio,60 opiniones,"Es posible volver,"
L√≥pez & L√≥pez Pizzer√≠a,Italiana,Bajo,167 opiniones,Pizzas originales y riqu√≠simas
Steakburger Gran V√≠a 55,Americana,Medio,1512 opiniones,"buena comida y una gran atenci√≥n por parte de Ricki el camarero, subirle el sueldo por favor"
Tempus Restaurante,Peruana,Medio,33 opiniones,Repetir√≠a una y mil veces
Gato Gato,Mediterr√°nea,Medio,134 opiniones,Fant√°stico descubrimiento
Naomi,Japonesa,Medio,763 opiniones,Muy bueno
Restaurante La Malontina,Internacional,Medio,2196 opiniones,Peque√±o local con muy buen producto
Restaurante √âtimo by Bego√±a Fraire,Mediterr√°nea,Alto,887 opiniones,Un maravilloso restaurante
Caro Club,Bares y pubs,Alto,37 opiniones,Buen servicio y diversi√≥n
Sushi Tokami,China,Medio,66 opiniones,Buen buffet asi√°tico
Quispe Madrid,Peruana,Medio,340 opiniones,Buen√≠simo servicio de parte de Jos√© Luis
NAP Lavapies,Italiana,Medio,454 opiniones,Pizza
Mercado de San Ildefonso,Tentempi√©s,Medio,1253 opiniones,S√°bado de Tapas
Bresca,Italiana,Bajo,790 opiniones,Correcto!!
Trattoria da Alfredo,Italiana,Medio,115 opinionesCierra en 11 minutos,De los sitios que recomiendas a amigos con buen paladar
Piccolina,Italiana,Medio,79 opinionesCierra en 11 minutos,16 km
Los Grifos,Pub con cerveza artesanal,Medio,229 opiniones,L√∫pulo Madrid
El Horno Azul,Tentempi√©s,Bajo,117 opiniones,"Bueno, bonito, barato. Pizza hecha al momento, riqu√≠sima."
The Spanish Farm,Espa√±ola‚Ç¨‚Ç¨ - ‚Ç¨‚Ç¨‚Ç¨,Medio,507 opiniones,Extraordinario
Dolores y Lola,Mediterr√°nea,Medio,268 opiniones,Excelente restaurante en Malasa√±a
Trattoria Popolare Fratelli Figurato,Italiana,Medio,149 opiniones,La mejor pizza que he comido en Madrid.
Aboca Restobar,Italiana,Bajo,87 opiniones,Es mi primera vez en Madrid
Brew Wild Pizza Bar,Bares y pubs,Medio,382 opiniones,#Fromüá®üá∑W/loveüñ§
Palki Indian Restaurant,India‚Ç¨‚Ç¨ - ‚Ç¨‚Ç¨‚Ç¨Carta,Medio,33 opiniones,Op√≠para comida hind√∫ de calidad
Ponja Nikkei,Japonesa,Alto,91 opinionesCierra en 11 minutos,Mejor japon√©s que he probado.
El miniBAR,Bares y pubs,Bajo,2560 opiniones,Un sitio estupendo.
Murillo Caf√© - Restaurante,Mediterr√°nea,Medio,1000 opiniones,Muy bien!
Mano De Santa,Internacional,Alto,178 opiniones,Excelente
La Taberna de Mister Pinkleton,Bar,Medio,886 opiniones,Encantada
Il Boccone,Italiana,Medio,179 opinionesCierra en 11 minutos,"Buen trato, buena comida"
Grosso Napoletano,Italiana,Medio,383 opiniones,Buena pizza
Dog & Fox Urban Kitchen,Mexicana,Medio,42 opinionesCierra en 11 minutos,Comida aut√©ntica americana en pleno barrio de Arg√ºelles
La Taberna De Moncloa,Bar,Bajo,356 opiniones,Buen sitio
La Sifoner√≠a,Mediterr√°nea,Medio,473 opiniones,Muy recomendable! Carpaccio de pez mantequilla
O`pulpo,Marisco,Medio,353 opiniones,Muy recomendable
Gandar√≠o,Comida r√°pida,Bajo,573 opiniones,Consumici√≥n + tapa rica
Celicioso by Only YOU Hotels,Caf√© y t√©,Medio,499 opiniones,Desayuno libre de gluten
Restaurante El Abuelito,Restaurante de carne,Medio,88 opiniones,9.9 km
Tot√≤ E Peppino,Italiana,Medio,315 opinionesCierra en 8 minutos,Buena atenci√≥n y comida rica
Los Porfiados,Mediterr√°nea,Medio,503 opiniones,Muy recomendable
Jauja Caf√©,Mediterr√°nea,Medio,127 opiniones,Restaurante discreto con platos ricos a buen precio.
Tsukuri Soba,China,Medio,37 opiniones,Gyozas espectaculares
Manzoni Trattoria,Italiana,Medio,175 opiniones,"La Trattoria Manzoni, uno de los italianos imprescindibles en Madrid, cambia de ubicaci√≥n‚Ä¶"
Asador Nuevo Porche,Restaurante de carne,Medio,331 opiniones,El mejor cochinillo
Il Cratere del Gusto,Italiana,Medio,185 opiniones,Peque√±ito pero coqueto
Restaurante Justo a tu Gusto,Brasile√±a,Medio,211 opiniones,14.6 km
Asian Army,Asi√°tica,Medio,53 opiniones,Delicioso
Almalibre A√ßa√≠ House Madrid,Caf√©,Medio,151 opiniones,Brunch incre√≠ble
Sr. Ito Lab,Japonesa,Medio,231 opiniones,Totalmente recomendable. Excelente en todos los sentidos
Mafrens Healthy Food,Caf√© y t√©,Medio,49 opiniones,Muy recomendable
Cervecer√≠a La Mayor,Bar,Medio,438 opiniones,Gran variedad de cervezas
Trinakria,Italiana,Bajo,24 opiniones,La migliore pizzeria di Madrid ‚ù§Ô∏è
Queen Burger las Tablas,Americana,Medio,169 opiniones,Sugerencia sobre Smash Burguers
Don Giovanni,Italiana,Medio,1005 opinionesCierra en 8 minutos,Delicioso
Osteria Bravissimo,Francesa,Alto,61 opiniones,Una agradable sorpresa.
La Pulper√≠a De Victoria,Marisco,Medio,1314 opiniones,Cerca de sol. Recomendable
DokiDOki,Japonesa,Medio,908 opinionesCierra en 8 minutos,Muy recomendable
Alcaravea,Mediterr√°nea,Medio,523 opiniones,Cena con amigos
Lamucca de Almagro,Internacional,Medio,953 opiniones,Para disfrutar con amigos
Matador,Bar,Bajo,231 opiniones,Sabor de Marruecos en Val√®ncia
La Bajada Street Food,Peruana,Medio,408 opiniones,Atenci√≥n estupenda
Pomodoro e Basilico,Italiana,Medio,21 opiniones,Cena improvisada
Grosso Napoletano,Italiana,Bajo,188 opiniones,Buenas pizzas
Bresca,Italiana,Medio,146 opiniones,Pizzer√≠a en madrid
Gagos pizza,Italiana,Bajo,68 opiniones,14.9 km
Larepera,Bares y pubs,Bajo,56 opinionesAbre en 6 minutos,INDUSTRIABAR
Artemisa Sol-Gran Via,Mediterr√°nea,Medio,387 opinionesCierra en 6 minutos,PARA REPETIR COMIDA MUY BUENA
FORNERIA BALLARO,Italiana,Medio,253 opiniones,Recomendable
Restaurante Chulla Ville,Mediterr√°nea,Medio,59 opiniones,El mejor de la zona con diferencia
Noi Due Ristorante Pizzeria,Italiana,Medio,193 opinionesCierra en 6 minutos,Nuestro Italiano favorito
Asador Avelino,Restaurante de carne,Medio,310 opiniones,Mejor cochinillo de Madrid
La Carbonera,Mediterr√°nea,Medio,288 opiniones,Muy bien sitio
Casa Benigna,Mediterr√°nea,Alto,959 opiniones,Arroces y socarras en paelleras especialmente dise√±adas.
Trattoria Adriana,Italiana,Bajo,42 opinionesCierra en 6 minutos,Maravilloso
Pez Tortilla,Pub con cerveza artesanal,Bajo,219 opiniones,"Recomendable, bar animado perfecto para un alto en el camino."
Wok Garden Parrilla,China,Medio,74 opiniones,14.3 km
Mu! El Placer De La Carne,Restaurante de carne,Medio,2968 opiniones,Encantador
Hot Now,Italiana,Medio,150 opinionesCierra en 6 minutos,Muy muy bien
Mercado de San Miguel,Bar,Medio,34.374 opiniones,El Mercado!
La Bella Anna,Italiana,Medio,243 opiniones,LUGAR AGRADABLE PARA COMER
Restaurante Marina Ventura,Marisco,Medio,1595 opiniones,Paella incre√≠ble
desenga√±o13,Mediterr√°nea,Medio,421 opiniones,Raciones y charla
Los Montes de Galicia,Internacional,Medio,11.477 opinionesCierra en 6 minutos,Super experiencia
GO!Sushing Getafe,Japonesa,Medio,22 opinionesCierra en 6 minutos,11.3 km
Casa Jaguar Madrid,Mexicana,Medio,699 opiniones,5‚ú®‚ú®‚ú®‚ú®‚ú®
Aura Cafe,Caf√©,Medio,29 opiniones,Personal muy agradable
Le Coq Atocha,Francesa,Medio,114 opiniones,Muy bueno!
Cafeteria HD,Bar,Medio,692 opiniones,Ah√≠ sigue
Casa Macareno,Mediterr√°nea,Medio,424 opiniones,Volver√© para probar la ensaladilla
Oter Epicure,Mediterr√°nea,Medio,407 opiniones,"MUY BUEN SITIO PARA COMER A UN PRECIO RAZONABLE,PERO NO CUMPLEN COVID"
Xiaolongkan Hot Pot,China,Medio,35 opiniones,Un viaje a China sin salir de Madrid!!
Panaria,Caf√© y t√©,Medio,42 opiniones,Atenci√≥n cuidada
MY Pasta Room,Italiana‚Ç¨‚Ç¨ - ‚Ç¨‚Ç¨‚Ç¨,Medio,47 opiniones,Muy recomendable
Pizzeria Fratelli Figurato,Italiana,Bajo,320 opiniones,"Bueno, pero puede mejorar"
Everest Curry House,India,Medio,23 opiniones,Genial
Da Nicola Gran V√≠a,Italiana,Medio,824 opiniones,De lo menor cerca de La Plaza Espa√±a
That's Amore,Italiana,Medio,55 opiniones,Las mejores pizzas de Madrid
Alduccio,Italiana,Medio,220 opiniones,Muy recomendable
Restaurante La Vanduca,Mediterr√°nea,Medio,342 opiniones,"Croquetas, ensaladas y tortilla"
Pans & Company,Caf√©,Bajo,28 opiniones,Buenos bocadillos
Trattoria In Crescendo,Italiana,Medio,175 opiniones,Buenas pizzas
Fasf√∫ Burguers,Postres,Bajo,79 opiniones,Comida R√°pida
MEGU,China,Medio,129 opiniones,UN ASI√ÅTICO DE CONFIANZA
Fratelli d'italia Lavapi√©s,Italiana,Bajo,198 opiniones,Un viaje a Italia sin salir de Madrid
Piccola Napoli,Italiana,Medio,14 opiniones,Buena comida italiana en Madrid
La Taberna de Francesco,Italiana,Bajo,55 opiniones,"Voy pr√°cticamente todos los d√≠as;Francesco y Sara son como familia,el trato es inmejorable y la comida espectacular."
Bowlers Kitchen,India,Medio,49 opiniones,Good Vibes Delivery üõµü•ó
El Brasero de Don Pedro,Restaurante de carne,Alto,847 opiniones,Mucho m√°s de lo que esperaba
nonsolocaff√©,Italiana,Medio,192 opiniones,Aut√©ntica comida italiana
Solito Taqueria,Mexicana‚Ç¨‚Ç¨ - ‚Ç¨‚Ç¨‚Ç¨Carta,Medio,54 opiniones,Cocina mexicana con cari√±o.
Restaurante La Rita,Internacional,Medio,40 opiniones,Comida grupo fenomenal
Asia Te,China,Medio,163 opiniones,Buen√≠simo
Diaz y Larrouy,Mediterr√°nea,Medio,136 opiniones,"Una pena, se alquila"
Mad by Roble√±o,Mediterr√°nea,Medio,35 opiniones,Para repetir.
El Cunzato,Italiana,Bajo,31 opiniones,¬°Gran descubrimiento!
Crudo,Mediterr√°nea,Medio,13 opiniones,Muy recomendable
La Lonja Restaurante,Marisco,Medio,550 opiniones,Agradable sitio en un lugar privilegiado
Federica By Chef Oswaldo Sanchez,Italiana,Medio,72 opiniones,BUEN√çSIMO
