restaurante,gastronomia,precio,opinion,rese√±a,url
Yakiniku Rikyu,Japonesa,Medio,267 opiniones,Patrocinado,https://www.tripadvisor.es/Restaurant_Review-g187514-d13442478-Reviews-Yakiniku_Rikyu-Madrid.html
marmit√≥n,Mediterr√°nea,Medio,89 opiniones,MICHELIN,https://www.tripadvisor.es/Restaurant_Review-g187514-d19983713-Reviews-Marmiton-Madrid.html
Vinoteca Morat√≠n,Internacional,Medio,1221 opiniones,MICHELIN,https://www.tripadvisor.es/Restaurant_Review-g187514-d3669444-Reviews-Moratin_Vinoteca_Bistrot-Madrid.html
Pilar Akaneya,Japonesa,Alto,276 opiniones,MICHELIN,https://www.tripadvisor.es/Restaurant_Review-g187514-d21058665-Reviews-Pilar_Akaneya-Madrid.html
Gioia,Italiana,Medio,387 opiniones,MICHELIN,https://www.tripadvisor.es/Restaurant_Review-g187514-d7742934-Reviews-Gioia-Madrid.html
Noi Ristorante,Italiana,Medio,244 opiniones,MICHELIN,https://www.tripadvisor.es/Restaurant_Review-g187514-d17723730-Reviews-Noi_Ristorante-Madrid.html
Mudr√° Plant Based Recoletos,Internacional,Medio,67 opiniones,MICHELIN,https://www.tripadvisor.es/Restaurant_Review-g187514-d23954931-Reviews-Mudra_Plant_Based_Recoletos-Madrid.html
La MaM√° Restaurante,Mediterr√°nea,Medio,225 opiniones,MICHELIN,https://www.tripadvisor.es/Restaurant_Review-g187514-d7933973-Reviews-La_MaMa_Restaurante-Madrid.html
Sisapo,Mediterr√°nea,Medio,71 opiniones,MICHELIN,https://www.tripadvisor.es/Restaurant_Review-g187514-d19951663-Reviews-Sisapo-Madrid.html
RECREO Espartinas,Mediterr√°nea,Medio,366 opiniones,MICHELIN,https://www.tripadvisor.es/Restaurant_Review-g187514-d10678592-Reviews-RECREO_Espartinas-Madrid.html
Miyama,Japonesa,Alto,837 opiniones,MICHELIN,https://www.tripadvisor.es/Restaurant_Review-g187514-d3686487-Reviews-Miyama-Madrid.html
Deessa,Mediterr√°nea,Alto,52 opiniones,MICHELIN,https://www.tripadvisor.es/Restaurant_Review-g187514-d23308906-Reviews-Deessa-Madrid.html
Hotaru Madrid,Japonesa,Alto,199 opiniones,MICHELIN,https://www.tripadvisor.es/Restaurant_Review-g187514-d25092639-Reviews-Hotaru_Madrid-Madrid.html
Yugo the Bunker,Japonesa,Alto,342 opiniones,MICHELIN,https://www.tripadvisor.es/Restaurant_Review-g187514-d8738363-Reviews-Yugo_The_Bunker-Madrid.html
Coque,Internacional,Alto,476 opiniones,MICHELIN,https://www.tripadvisor.es/Restaurant_Review-g187514-d12864731-Reviews-Coque-Madrid.html
El pedrusco de Aldealcorvo,Internacional,Medio,223 opinionesCierra en 6 minutos,MICHELIN,https://www.tripadvisor.es/Restaurant_Review-g187514-d991390-Reviews-El_pedrusco_de_Aldealcorvo-Madrid.html
KABUKI WELLINGTON SL,Japonesa,Alto,974 opiniones,MICHELIN,https://www.tripadvisor.es/Restaurant_Review-g187514-d23885025-Reviews-BAMMBAO-Madrid.html
Kabuki,Japonesa,Alto,725 opiniones,MICHELIN,https://www.tripadvisor.es/Restaurant_Review-g187514-d717249-Reviews-Kabuki-Madrid.html
Restaurante Lakasa,Mediterr√°nea,Medio,1161 opiniones,MICHELIN,https://www.tripadvisor.es/Restaurant_Review-g187514-d2715774-Reviews-Restaurante_lakasa-Madrid.html
Bardero,Mediterr√°nea,Medio,106 opiniones,Comida espectacular por 37‚Ç¨ por persona,https://www.tripadvisor.es/Restaurant_Review-g187514-d23417306-Reviews-Bardero-Madrid.html
Pizzart Fuencarral,Italiana,Medio,940 opiniones,Excelente comida,https://www.tripadvisor.es/Restaurant_Review-g187514-d23151163-Reviews-Pizzart_Villa_Fuencarral-Madrid.html
Ornella Vel√°zquez,Italiana,Medio,2317 opiniones,La parmigiana de la nonna y la atencion 10/10,https://www.tripadvisor.es/Restaurant_Review-g187514-d8855793-Reviews-Ornella_Velazquez-Madrid.html
Lettera Trattoria moderna,Italiana,Medio,1564 opiniones,Muy recomendable,https://www.tripadvisor.es/Restaurant_Review-g187514-d19738350-Reviews-Lettera_Trattoria_Moderna-Madrid.html
Pizzart Villa Canalejas,Italiana,Medio,901 opiniones,Magnifico,https://www.tripadvisor.es/Restaurant_Review-g187514-d19600933-Reviews-Pizzart_Villa_Canalejas-Madrid.html
Pummarola,Italiana,Medio,605 opiniones,8 km,https://www.tripadvisor.es/Restaurant_Review-g580334-d819624-Reviews-Pummarola-Pozuelo_de_Alarcon.html
Brunchit Malasa√±a,Caf√©,Medio,548 opiniones,Buen brunch,https://www.tripadvisor.es/Restaurant_Review-g187514-d24123606-Reviews-Brunchit_Malasana-Madrid.html
Ouh...Babbo!,Italiana,Medio,665 opiniones,Comida deliciosa a precio ajustado,https://www.tripadvisor.es/Restaurant_Review-g187514-d1023949-Reviews-Ouh_Babbo-Madrid.html
Restaurante Excalibur Madrid,Restaurante de carne,Medio,170 opiniones,Espect√°culo,https://www.tripadvisor.es/Restaurant_Review-g187514-d23520831-Reviews-Restaurante_Excalibur_Madrid-Madrid.html
Rigatoni,Italiana,Medio,250 opiniones,15.5 km,https://www.tripadvisor.es/Restaurant_Review-g1063665-d3958441-Reviews-Rigatoni-Majadahonda.html
Davanti Food & Market,Italiana,Medio,413 opiniones,"Buena comida, local muy agradable",https://www.tripadvisor.es/Restaurant_Review-g187514-d14065122-Reviews-Davanti_Food_Market-Madrid.html
Entre Santos Madrid,Mediterr√°nea,Medio,1346 opiniones,Buen ambiente. Cocteler√≠a estupenda,https://www.tripadvisor.es/Restaurant_Review-g187514-d14062978-Reviews-Entre_Santos_Madrid-Madrid.html
Trattoria Malatesta,Italiana,Medio,2138 opiniones,Aut√©ntica pizza italiana,https://www.tripadvisor.es/Restaurant_Review-g187514-d1963635-Reviews-Trattoria_Malatesta-Madrid.html
Minelli 1960,Italiana,Medio,111 opiniones,Italiano imprescindible,https://www.tripadvisor.es/Restaurant_Review-g187514-d12978009-Reviews-Minelli_1960-Madrid.html
Oven Mozzarella Gran V√≠a 6,Italiana,Medio,5337 opiniones,Genial,https://www.tripadvisor.es/Restaurant_Review-g187514-d8735932-Reviews-Oven_Mozzarella_Gran_Via_6-Madrid.html
Lab '84,Italiana,Medio,75 opiniones,Muy Fan de este lugar.,https://www.tripadvisor.es/Restaurant_Review-g187514-d19932582-Reviews-Lab_84-Madrid.html
Sibuya Urban Sushi Bar Madrid C/Orense,Japonesa,Medio,871 opiniones,La comida y el servicio,https://www.tripadvisor.es/Restaurant_Review-g187514-d19600810-Reviews-Sibuya_Urban_Sushi_Bar_Madrid_C_Orense-Madrid.html
Gustazio Gastrobar,Italiana,Medio,237 opiniones,La mejor pizza que puedas comer (al menos en Madrid),https://www.tripadvisor.es/Restaurant_Review-g187514-d15683077-Reviews-Gustazio_Gastrobar-Madrid.html
Smok Mok,Japonesa,Bajo,103 opiniones,Incre√≠ble!!!!,https://www.tripadvisor.es/Restaurant_Review-g187514-d12215222-Reviews-Smok_Mok-Madrid.html
Piccola Napoli,Italiana,Bajo,500 opiniones,Comida muy rica y a buen precio,https://www.tripadvisor.es/Restaurant_Review-g187514-d3803450-Reviews-Piccola_Napoli-Madrid.html
Piccola Napoli,Italiana,Bajo,500 opiniones,Comida muy rica y a buen precio,https://www.tripadvisor.es/Restaurant_Review-g187514-d20046772-Reviews-Piccola_Napoli-Madrid.html
Da Luca,Italiana,Medio,451 opiniones,14.6 km,https://www.tripadvisor.es/Restaurant_Review-g562645-d7787661-Reviews-Da_Luca-Alcobendas.html
Il Pizzaiolo,Italiana,Medio,929 opiniones,Gran descubrimiento,https://www.tripadvisor.es/Restaurant_Review-g187514-d1066464-Reviews-Il_Pizzaiolo-Madrid.html
Pastamore,Italiana,Medio,1024 opiniones,Deliciosa la comida,https://www.tripadvisor.es/Restaurant_Review-g187514-d18480953-Reviews-Pastamore_Alcala-Madrid.html
Oven Mozzarella,Italiana,Medio,712 opiniones,Excelente como siempre,https://www.tripadvisor.es/Restaurant_Review-g187514-d24190348-Reviews-Oven_Mozzarella-Madrid.html
Gourmet Experience Gran V√≠a,Japonesa,Medio,1029 opiniones,Gran via,https://www.tripadvisor.es/Restaurant_Review-g187514-d4054213-Reviews-Gourmet_Experience_Gran_Via-Madrid.html
Proverbium,Italiana,Medio,302 opiniones,15 km,https://www.tripadvisor.es/Restaurant_Review-g780710-d4271106-Reviews-Proverbium-Boadilla_del_Monte.html
Dans Le Noir ?,Mediterr√°nea,Alto,460 opiniones,Muy buena experiencia!,https://www.tripadvisor.es/Restaurant_Review-g187514-d12631693-Reviews-Dans_Le_Noir-Madrid.html
Kamado Asian Food X-Madrid,Asi√°tica,Medio,229 opiniones,15 km,https://www.tripadvisor.es/Restaurant_Review-g562646-d19526813-Reviews-Kamado_Asian_Food_X_Madrid-Alcorcon.html
PICCOLO DIAVOLO,Italiana,Medio,689 opiniones,Restaurante italiano Madrid,https://www.tripadvisor.es/Restaurant_Review-g187514-d3438302-Reviews-PICCOLO_DIAVOLO-Madrid.html
Raza Madrid,Restaurante de carne,Alto,188 opiniones,Bien pero sorpresa,https://www.tripadvisor.es/Restaurant_Review-g187514-d23820421-Reviews-Raza_Madrid-Madrid.html
Eatmytrip Brunch & Cocktails Madrid,Americana,Medio,203 opiniones,100% Recomendado,https://www.tripadvisor.es/Restaurant_Review-g187514-d20284702-Reviews-Eatmytrip_Brunch_Cocktails_Madrid-Madrid.html
Pizzeria Vesuvio -Hortaleza,Italiana,Bajo,796 opiniones,"Muy recomendable,personal amable",https://www.tripadvisor.es/Restaurant_Review-g187514-d1625680-Reviews-Pizzeria_Vesuvio_Hortaleza-Madrid.html
BLoved,Internacional,Medio,475 opiniones,Cuqui,https://www.tripadvisor.es/Restaurant_Review-g187514-d2001964-Reviews-BLoved-Madrid.html
Trattoria Pulcinella,Italiana,Medio,2786 opiniones,Cena con amigos,https://www.tripadvisor.es/Restaurant_Review-g187514-d795373-Reviews-Trattoria_Pulcinella-Madrid.html
Oven Mozzarella Bar Fuencarral,Italiana,Medio,4135 opiniones,Cena exquisita,https://www.tripadvisor.es/Restaurant_Review-g187514-d7062431-Reviews-Oven_Mozzarella_Fuencarral-Madrid.html
Pizzie & Dixie,Italiana,Medio,210 opiniones,Comida sin gluten y vegana,https://www.tripadvisor.es/Restaurant_Review-g187514-d12494376-Reviews-Pizzie_Dixie-Madrid.html
Fiaschetteria La Saletta,Italiana,Bajo,298 opiniones,Perfecta opci√≥n de cocina italiana autentica,https://www.tripadvisor.es/Restaurant_Review-g187514-d6736921-Reviews-Fiaschetteria_La_Saletta-Madrid.html
Ronda 14,Japonesa,Medio,983 opiniones,Excelente cena familiar,https://www.tripadvisor.es/Restaurant_Review-g187514-d8629367-Reviews-Ronda_14-Madrid.html
Bombardino Caf√©,Italiana,Medio,353 opiniones,Experiencia inolvodable,https://www.tripadvisor.es/Restaurant_Review-g187514-d10355629-Reviews-Bombardino_Cafe-Madrid.html
Matilda,Caf√© y t√©,Bajo,760 opiniones,"Buen trato, rica comida",https://www.tripadvisor.es/Restaurant_Review-g187514-d6404685-Reviews-Matilda-Madrid.html
Oliveto,Italiana,Medio,380 opiniones,"Todo muy bueno, solo he echado de menos alg√∫n tipo de ensalada. Por lo dem√°s acogedor, buen trato y muy familiar.",https://www.tripadvisor.es/Restaurant_Review-g187514-d7125727-Reviews-Oliveto-Madrid.html
Etnico Madrid,Bares y pubs,Medio,141 opiniones,Excelente cocteleriaBar,https://www.tripadvisor.es/Restaurant_Review-g187514-d15083798-Reviews-Etnico_Madrid-Madrid.html
La General Bistr√≥ & Caf√©,Caf√© y t√©,Medio,403 opiniones,BBB,https://www.tripadvisor.es/Restaurant_Review-g187514-d10377924-Reviews-La_General-Madrid.html
Araldo Arte del Gusto,Italiana,Medio,211 opiniones,Restaurante italiano de calidad.materia prima de primera calidad.,https://www.tripadvisor.es/Restaurant_Review-g187514-d14084856-Reviews-Araldo_Arte_del_Gusto_Madrazo-Madrid.html
Ristorante Reginella,Italiana,Medio,681 opiniones,Masa aireada y sabrosa pizza,https://www.tripadvisor.es/Restaurant_Review-g187514-d7692044-Reviews-Ristorante_Reginella-Madrid.html
Eatmytrip Brunch & Dinner Madrid,Americana,Medio,62 opiniones,Tambi√©n tienen cenas los fines de semana y est√°n genial!!,https://www.tripadvisor.es/Restaurant_Review-g187514-d24052391-Reviews-Eatmytrip_Brunch_Dinner_Madrid-Madrid.html
Menomale,Italiana,Medio,204 opiniones,Maravilla,https://www.tripadvisor.es/Restaurant_Review-g187514-d8591860-Reviews-Menomale-Madrid.html
Casa Crimi,Italiana,Medio,32 opiniones,"Espectacular, como siempre",https://www.tripadvisor.es/Restaurant_Review-g187514-d20309751-Reviews-Casa_Crimi-Madrid.html
Mam√∫a Caf√© Bar. Specialty coffee,Caf√©,Bajo,129 opiniones,FANTASTICO,https://www.tripadvisor.es/Restaurant_Review-g187514-d13361005-Reviews-Mamua_Cafe_Bar_Specialty_coffee-Madrid.html
Pizzart Villa Luchana,Italiana,Medio,775 opiniones,Buena vibra ‚ú®,https://www.tripadvisor.es/Restaurant_Review-g187514-d23748800-Reviews-Pizzart_Villa_Luchana-Madrid.html
Dr Limon,Caf√©,Medio,81 opiniones,Totalmente recomendable,https://www.tripadvisor.es/Restaurant_Review-g187514-d12614143-Reviews-Dr_Limon-Madrid.html
Filu e Ferru,Italiana,Medio,37 opiniones,Cocina sarda en Madrid,https://www.tripadvisor.es/Restaurant_Review-g187514-d21328153-Reviews-Filu_e_Ferru-Madrid.html
Latasia,Peruana,Medio,480 opiniones,Buen√≠simo,https://www.tripadvisor.es/Restaurant_Review-g187514-d10297246-Reviews-Latasia-Madrid.html
Sibuya Urban Sushi Bar X-Madrid,Japonesa,Medio,337 opiniones,11.6 km,https://www.tripadvisor.es/Restaurant_Review-g562646-d19488194-Reviews-Sibuya_Urban_Sushi_Bar_X_Madrid-Alcorcon.html
La Pizzateca,Italiana,Bajo,1150 opiniones,La mejor pizza de queso que he comido nunca.,https://www.tripadvisor.es/Restaurant_Review-g187514-d2086638-Reviews-La_Pizzateca-Madrid.html
Sibuya Urban Sushi Bar Madrid C/ibiza,Japonesa,Medio,724 opiniones,Delicioso,https://www.tripadvisor.es/Restaurant_Review-g187514-d23443725-Reviews-Sibuya_Urban_Sushi_Bar_Madrid_C_ibiza-Madrid.html
Incl√°n Brutal Bar,Bar,Medio,5570 opiniones,Un lugar diferente donde comer,https://www.tripadvisor.es/Restaurant_Review-g187514-d10358028-Reviews-Inclan_Brutal_Bar-Madrid.html
CHILA,China,Medio,88 opiniones,Buen y original restaurante chino,https://www.tripadvisor.es/Restaurant_Review-g187514-d19888523-Reviews-CHILA-Madrid.html
Angelita Madrid,Internacional,Medio,809 opiniones,centrico y muy buen vino y comida,https://www.tripadvisor.es/Restaurant_Review-g187514-d10159455-Reviews-Angelita_Madrid-Madrid.html
Divino Tinto,Mediterr√°nea,Medio,278 opiniones,Recomendado 100%,https://www.tripadvisor.es/Restaurant_Review-g187514-d8727668-Reviews-Divino_Tinto-Madrid.html
Pizzamascalzone,Italiana,Medio,157 opiniones,Experiencia √∫nica,https://www.tripadvisor.es/Restaurant_Review-g187514-d2174509-Reviews-Pizzamascalzone-Madrid.html
√âccolo,Italiana,Medio,133 opiniones,Gusto de sitio,https://www.tripadvisor.es/Restaurant_Review-g187514-d13226010-Reviews-Eccolo-Madrid.html
Maximo's,Japonesa,Medio,269 opiniones,Sushi de calidad,https://www.tripadvisor.es/Restaurant_Review-g187514-d23623277-Reviews-Maximo_Sushi_Bar-Madrid.html
Taberna M√°s Al Sur,Mediterr√°nea,Medio,6329 opiniones,Excelente!,https://www.tripadvisor.es/Restaurant_Review-g187514-d8396325-Reviews-Taberna_Mas_Al_Sur-Madrid.html
Peppe Fusco The Italian,Italiana,Medio,606 opiniones,Comida exquisita. Relaci√≥n calidad/precio sobresaliente.,https://www.tripadvisor.es/Restaurant_Review-g187514-d23845263-Reviews-Peppe_Fusco_The_Italian-Madrid.html
Metro Bistr√≥ - Plaza Mayor,Mediterr√°nea,Medio,1882 opiniones,Precio Calidad a Tope,https://www.tripadvisor.es/Restaurant_Review-g187514-d6498928-Reviews-Metro_Bistro_Plaza_Mayor-Madrid.html
Cromia,Americana,Medio,20 opiniones,Parrillada vzlana deliciosa!,https://www.tripadvisor.es/Restaurant_Review-g187514-d20758119-Reviews-Cromia-Madrid.html
Waraku,Japonesa,Medio,76 opiniones,Top Japon√©s,https://www.tripadvisor.es/Restaurant_Review-g187514-d23715075-Reviews-Waraku-Madrid.html
Mitiko,China,Alto,96 opiniones,Delicioso,https://www.tripadvisor.es/Restaurant_Review-g187514-d23685189-Reviews-Mitiko-Madrid.html
A v√Ånvera,Italiana,Medio,444 opiniones,Trato excepcional y comida de 10,https://www.tripadvisor.es/Restaurant_Review-g187514-d5774304-Reviews-A_vAnvera-Madrid.html
Enklima,Mediterr√°nea,Medio,231 opiniones,Absolutamente perfecto,https://www.tripadvisor.es/Restaurant_Review-g187514-d11870922-Reviews-Enklima-Madrid.html
Kaiten Sushi Madrid,Japonesa,Medio,270 opiniones,Muy buena experiencia y variedad,https://www.tripadvisor.es/Restaurant_Review-g187514-d23795463-Reviews-Kaiten_Sushi_Madrid-Madrid.html
Gramabar,Americana,Medio,1656 opiniones,Riquisimoooo,https://www.tripadvisor.es/Restaurant_Review-g187514-d6761498-Reviews-Gramabar-Madrid.html
BIZZO! Moncloa,Italiana,Bajo,169 opiniones,¬°¬°¬°DE LOS MEJORES !!!,https://www.tripadvisor.es/Restaurant_Review-g187514-d15192227-Reviews-BIZZO_Moncloa-Madrid.html
Sibuya Urban Sushi Bar Chueca,Japonesa,Medio,1014 opiniones,Excelente calidad/precio,https://www.tripadvisor.es/Restaurant_Review-g187514-d14962689-Reviews-Sibuya_Urban_Sushi_Bar_Chueca-Madrid.html
Tacocteler√≠a,Bares y pubs,Medio,114 opiniones,Fant√°stico!,https://www.tripadvisor.es/Restaurant_Review-g187514-d21505471-Reviews-Tacocteleria-Madrid.html
Malafemmena,Italiana,Medio,1512 opiniones,Italiano con toques diferentes,https://www.tripadvisor.es/Restaurant_Review-g187514-d14976329-Reviews-Malafemmena-Madrid.html
Mamma Maria,Italiana,Medio,439 opinionesCierra en 6 minutos,11 km,https://www.tripadvisor.es/Restaurant_Review-g562654-d3698520-Reviews-Mamma_Maria-Leganes.html
La Burbujer√≠a,Mediterr√°nea,Medio,144 opiniones,"Qu√© rico todo, qu√© amables",https://www.tripadvisor.es/Restaurant_Review-g187514-d23547193-Reviews-La_Burbujeria-Madrid.html
El 11 Resto-Brunch,Francesa,Medio,47 opiniones,Recomendable,https://www.tripadvisor.es/Restaurant_Review-g187514-d23202790-Reviews-El_11_Resto_Brunch-Madrid.html
Grosso Napoletano Senza Glutine,Italiana,Medio,66 opiniones,Gran opci√≥n para celiacos,https://www.tripadvisor.es/Restaurant_Review-g187514-d21346513-Reviews-Grosso_Napoletano_Senza_Glutine-Madrid.html
izakaya Han,Japonesa,Medio,469 opiniones,Siuuuuuuu,https://www.tripadvisor.es/Restaurant_Review-g187514-d5982128-Reviews-Izakaya_Han-Madrid.html
Sandy Barracane,Italiana,Medio,78 opiniones,Sin palabras.,https://www.tripadvisor.es/Restaurant_Review-g187514-d17746889-Reviews-Sandy_Barracane-Madrid.html
Cafeteria Neila,Bar,Bajo,133 opiniones,ideal para la cervecita y el pincho,https://www.tripadvisor.es/Restaurant_Review-g187514-d3182123-Reviews-Cafeteria_Neila-Madrid.html
Taberna de Pe√±alver,Marisco,Medio,1123 opiniones,Gran servicio y comida,https://www.tripadvisor.es/Restaurant_Review-g187514-d21328133-Reviews-Taberna_de_Penalver-Madrid.html
Santita Virgen de los Peligros,Mexicana,Medio,1086 opiniones,Fant√°stico postre,https://www.tripadvisor.es/Restaurant_Review-g187514-d17655334-Reviews-Santita_Virgen_de_los_Peligros-Madrid.html
La Piramide,Internacional,Medio,230 opiniones,Fant√°stica celebraci√≥n familiar,https://www.tripadvisor.es/Restaurant_Review-g187514-d2002073-Reviews-La_Piramide-Madrid.html
La Piccola Trattoria,Italiana,Medio,332 opiniones,Insuperable,https://www.tripadvisor.es/Restaurant_Review-g187514-d10836250-Reviews-La_Piccola_Trattoria-Madrid.html
Lamiak,Bar,Bajo,313 opiniones,"Genial, rico, barato y buen ambiente",https://www.tripadvisor.es/Restaurant_Review-g187514-d5517417-Reviews-Lamiak-Madrid.html
Emma y Julia,Italiana,Medio,543 opiniones,Buen italiano en plena Cava Baja,https://www.tripadvisor.es/Restaurant_Review-g187514-d991382-Reviews-Emma_y_Julia-Madrid.html
Pizzeria Fratelli,Italiana,Medio,466 opiniones,Muy buena experiencia,https://www.tripadvisor.es/Restaurant_Review-g187514-d10670751-Reviews-Pizzeria_Fratelli-Madrid.html
Casa Lucas,Mediterr√°nea,Medio,1381 opiniones,"Excelente, un cl√°sico",https://www.tripadvisor.es/Restaurant_Review-g187514-d1822624-Reviews-Casa_Lucas-Madrid.html
MACAO Pr√≠ncipe,Japonesa,Medio,376 opiniones,Platos diferentes.,https://www.tripadvisor.es/Restaurant_Review-g187514-d15591064-Reviews-MACAO_Principe-Madrid.html
Vinos de Bellota,Mediterr√°nea,Medio,884 opiniones,Siempre es un acierto,https://www.tripadvisor.es/Restaurant_Review-g187514-d3530204-Reviews-Vinos_de_Bellota-Madrid.html
Maruzzella,Italiana,Medio,1022 opiniones,Comida 100% italiana,https://www.tripadvisor.es/Restaurant_Review-g187514-d1059471-Reviews-Maruzzella-Madrid.html
Cervecer√≠a El Ca√±o,Bar,Bajo,269 opiniones,Cada vez que vengo a Madrid repito,https://www.tripadvisor.es/Restaurant_Review-g187514-d16807647-Reviews-Cerveceria_El_Cano-Madrid.html
Sto Globo Sushi Room,Japonesa,Medio,346 opinionesCierra en 2 minutos,Siguen siendo los mejores,https://www.tripadvisor.es/Restaurant_Review-g187514-d16745406-Reviews-Sto_Globo_Sushi_Room-Madrid.html
Saz√≥n-arte,Mediterr√°nea,Medio,313 opiniones,Estupenda cena de tapeo,https://www.tripadvisor.es/Restaurant_Review-g187514-d7285433-Reviews-Sazon_Arte-Madrid.html
Sr. Ito,Japonesa,Medio,975 opiniones,Sabor y atenci√≥n excelente,https://www.tripadvisor.es/Restaurant_Review-g187514-d10232563-Reviews-Sr_Ito-Madrid.html
Rioko Nikkei Sushi Bar,Japonesa,Medio,67 opiniones,Un restaurante especial y acogedor,https://www.tripadvisor.es/Restaurant_Review-g187514-d23898311-Reviews-Riokinho_Brazilian_Nikkei_Sushi_Bar-Madrid.html
Cruda Restaurante,Mexicana,Medio,533 opiniones,Estupendo,https://www.tripadvisor.es/Restaurant_Review-g187514-d21012227-Reviews-Cruda_Restaurante-Madrid.html
Trattoria Pizzeria A'Fenestella,Italiana,Medio,265 opiniones,Se solucion√≥ el malentendido,https://www.tripadvisor.es/Restaurant_Review-g187514-d2697916-Reviews-Trattoria_Pizzeria_A_Fenestella-Madrid.html
Restaurante Gaudium Chamber√≠,Mediterr√°nea,Medio,175 opiniones,Original y cl√°sico,https://www.tripadvisor.es/Restaurant_Review-g187514-d1590227-Reviews-Restaurante_Gaudium_Chamberi-Madrid.html
Isabella Restaurante,Italiana,Medio,51 opiniones,Muy agradable a la vista y paladar,https://www.tripadvisor.es/Restaurant_Review-g187514-d18893909-Reviews-Isabella_Restaurante-Madrid.html
I Malavoglia,Italiana,Medio,52 opiniones,Sitio tranquilo. Buenas pizzas,https://www.tripadvisor.es/Restaurant_Review-g187514-d14051890-Reviews-I_Malavoglia-Madrid.html
Guasa Madrid,Fusi√≥n,Medio,75 opiniones,Fenomenal,https://www.tripadvisor.es/Restaurant_Review-g187514-d20869094-Reviews-Guasa_Madrid-Madrid.html
Lamonarracha-Chamber√≠,Japonesa,Medio,91 opiniones,Un japon√©s diferente con platos realmente buenos y un trato espectacular,https://www.tripadvisor.es/Restaurant_Review-g187514-d20060353-Reviews-Lamonarracha_Chamberi-Madrid.html
Oven mozzarella Bar Las Tablas,Italiana,Medio,1361 opiniones,Comida deliciosa y excelente servicio,https://www.tripadvisor.es/Restaurant_Review-g187514-d10509960-Reviews-Oven_mozzarella_Las_Tablas-Madrid.html
Cafe Grill La Luna,Italiana,Medio,94 opiniones,15.1 km,https://www.tripadvisor.es/Restaurant_Review-g562645-d5493057-Reviews-Cafe_Grill_La_Luna-Alcobendas.html
Empanadas Malv√≥n,Latina,Medio,86 opiniones,Empanadas de 10,https://www.tripadvisor.es/Restaurant_Review-g187514-d18455067-Reviews-Empanadas_Malvon-Madrid.html
Pante Cucina Siciliana,Italiana,Medio,194 opiniones,Delicioso,https://www.tripadvisor.es/Restaurant_Review-g187514-d17370530-Reviews-Pante_Cucina_Siciliana-Madrid.html
La Gaditana Castellana,Internacional,Medio,1971 opiniones,Con ganas de volver!,https://www.tripadvisor.es/Restaurant_Review-g187514-d15364769-Reviews-La_Gaditana_Castellana-Madrid.html
Hddn Premium Mixology & Cuisine,Bares y pubs,Alto,47 opiniones,lugar especialmente bonito,https://www.tripadvisor.es/Restaurant_Review-g187514-d24165866-Reviews-Hddn_Premium_Mixology_Cuisine-Madrid.html
Teta & Sopa,Japonesa,Medio,19 opiniones,Comida sorprendente,https://www.tripadvisor.es/Restaurant_Review-g187514-d19860411-Reviews-Teta_Sopa-Madrid.html
Restaurante Morgana,Mediterr√°nea,Medio,978 opiniones,Buena cena de gastronom√≠a gallega,https://www.tripadvisor.es/Restaurant_Review-g187514-d12316948-Reviews-Restaurante_Morgana-Madrid.html
Macuto / Aut√©ntico Latino,Mexicana,Medio,41 opiniones,Recomendable,https://www.tripadvisor.es/Restaurant_Review-g187514-d17752465-Reviews-Macuto_Autentico_Latino-Madrid.html
La Rollerie- Calle Mayor,Americana,Medio,766 opiniones,Desayuno rico,https://www.tripadvisor.es/Restaurant_Review-g187514-d8134432-Reviews-La_Rollerie_Calle_Mayor-Madrid.html
Amordmadre,Mediterr√°nea,Medio,428 opiniones,RECOMENDADO 100%,https://www.tripadvisor.es/Restaurant_Review-g187514-d18186946-Reviews-Amordmadre-Madrid.html
Campesino Burger Al Carb√≥n,Americana,Bajo,239 opiniones,Buena materia prima a un precio razonable,https://www.tripadvisor.es/Restaurant_Review-g187514-d10161466-Reviews-Campesino_Burger_Al_Carbon-Madrid.html
Camino Sacramento,Restaurante de carne,Medio,430 opiniones,Gran lugar para comer bien,https://www.tripadvisor.es/Restaurant_Review-g187514-d15184967-Reviews-Camino_Sacramento-Madrid.html
GastroV√≠a 61,Mediterr√°nea,Medio,2039 opiniones,Genial,https://www.tripadvisor.es/Restaurant_Review-g187514-d7622713-Reviews-GastroVia_61-Madrid.html
Massa Pizza,Italiana,Medio,452 opiniones,"Buena pizza, buena atenci√≥n üëåüèº",https://www.tripadvisor.es/Restaurant_Review-g187514-d12169315-Reviews-Massa_Pizza-Madrid.html
Yatai Market,Tentempi√©s,Medio,335 opiniones,Mercado con esp√≠ritu oriental,https://www.tripadvisor.es/Restaurant_Review-g187514-d12442416-Reviews-Yatai_Market-Madrid.html
La Piperna,Italiana,Medio,478 opiniones,Excelente comida y amplia carta de vinos,https://www.tripadvisor.es/Restaurant_Review-g187514-d2080253-Reviews-La_Piperna-Madrid.html
Trattoria La Tavernetta,Italiana,Medio,326 opiniones,Excelente,https://www.tripadvisor.es/Restaurant_Review-g187514-d2709829-Reviews-Trattoria_La_Tavernetta-Madrid.html
Burmet,Mexicana,Medio,89 opiniones,No quebr√≥,https://www.tripadvisor.es/Restaurant_Review-g187514-d18980640-Reviews-Burmet-Madrid.html
Pok√© Friendly,Japonesa,Medio,53 opiniones,Muy rico y muy contentos!,https://www.tripadvisor.es/Restaurant_Review-g187514-d21493527-Reviews-Poke_Friendly-Madrid.html
Nacho Bravo,Mexicana,Bajo,157 opiniones,Rico rico,https://www.tripadvisor.es/Restaurant_Review-g187514-d15273626-Reviews-Nacho_Bravo-Madrid.html
Restaurante La Gaditana,Mediterr√°nea,Medio,2384 opiniones,Buen bar cerca del wizink,https://www.tripadvisor.es/Restaurant_Review-g187514-d5787470-Reviews-Restaurante_La_Gaditana-Madrid.html
Queen Burger Gourmet,Italiana,Medio,289 opiniones,Hamburguesas muy buenas,https://www.tripadvisor.es/Restaurant_Review-g187514-d3532951-Reviews-Queen_Burger_Gourmet-Madrid.html
Santita Fuencarral,Mexicana,Medio,1072 opiniones,Comida sabrosa y c√≥cteles de rechupete,https://www.tripadvisor.es/Restaurant_Review-g187514-d15756205-Reviews-Santita_Fuencarral-Madrid.html
Yakitoro Castellana,Japonesa,Medio,2262 opiniones,Mejor de lo esperado,https://www.tripadvisor.es/Restaurant_Review-g187514-d10186319-Reviews-Yakitoro_Castellana-Madrid.html
La Capricciosa Italiana,Italiana,Bajo,122 opiniones,Muy rico todo,https://www.tripadvisor.es/Restaurant_Review-g187514-d14183661-Reviews-La_Capricciosa_Italiana-Madrid.html
Restaurante Luxury,China,Medio,546 opiniones,pato trufa .nigri.uramakir,https://www.tripadvisor.es/Restaurant_Review-g187514-d8624466-Reviews-Restaurante_Luxury-Madrid.html
Lafayette,Francesa,Medio,200 opiniones,Buena opci√≥n,https://www.tripadvisor.es/Restaurant_Review-g187514-d16742186-Reviews-Lafayette-Madrid.html
La Tabarra Madrid,Bar,Medio,71 opiniones,Camarero muy atento i eficiente.,https://www.tripadvisor.es/Restaurant_Review-g187514-d12384515-Reviews-La_Tabarra_Madrid-Madrid.html
Bar Selva,Mediterr√°nea,Bajo,175 opiniones,Buen sitio para ir de men√∫,https://www.tripadvisor.es/Restaurant_Review-g187514-d4829641-Reviews-Bar_Selva-Madrid.html
Impasta,Italiana,Medio,66 opiniones,Varios d√≠as en Madrid,https://www.tripadvisor.es/Restaurant_Review-g187514-d19852391-Reviews-Impasta-Madrid.html
Viva Chapata,Bar,Medio,184 opiniones,Comida vegana en Lavapies,https://www.tripadvisor.es/Restaurant_Review-g187514-d5811001-Reviews-Viva_Chapata-Madrid.html
El Cocodrilo,Bar,Medio,226 opiniones,Buen sitio para ir con amigos. Buena carne,https://www.tripadvisor.es/Restaurant_Review-g187514-d8714073-Reviews-El_Cocodrilo-Madrid.html
Passaparola L¬¥Originale,Italiana,Medio,300 opiniones,Italiano DELICIOSO!!,https://www.tripadvisor.es/Restaurant_Review-g187514-d4907989-Reviews-Passaparola_L_Originale-Madrid.html
L' Incanto Gastrobar,Italiana,Medio,25 opiniones,"No hay palabras a la lengua, para describir lo rico que esta",https://www.tripadvisor.es/Restaurant_Review-g187514-d15817343-Reviews-L_Incanto_Gastrobar-Madrid.html
Pasta Mito,Italiana,Medio,221 opiniones,Comida italiana,https://www.tripadvisor.es/Restaurant_Review-g187514-d7159688-Reviews-Pasta_Mito-Madrid.html
Taberna el Sur,Bar,Medio,8580 opiniones,Excelente calidad,https://www.tripadvisor.es/Restaurant_Review-g187514-d2527526-Reviews-Taberna_el_Sur-Madrid.html
Propaganda,Italiana,Medio,135 opiniones,Italiano acogedor,https://www.tripadvisor.es/Restaurant_Review-g187514-d13358719-Reviews-Propaganda-Madrid.html
Pituca Lounge,Bares y pubs,Medio,185 opiniones,Recomendado 100%,https://www.tripadvisor.es/Restaurant_Review-g187514-d23524708-Reviews-Pituca_Lounge-Madrid.html
Divina Dolores,Internacional,Medio,63 opiniones,Excelente restaurante,https://www.tripadvisor.es/Restaurant_Review-g187514-d23379428-Reviews-Divina_Dolores-Madrid.html
Puccias | Sandwicher√≠a Delicatessen,Comida r√°pida,Medio,72 opiniones,100% recomendable,https://www.tripadvisor.es/Restaurant_Review-g187514-d17506410-Reviews-Puccias_Sandwicheria_Artesanal-Madrid.html
Lamucca de Prado,Italiana,Medio,1958 opiniones,Sorprendente,https://www.tripadvisor.es/Restaurant_Review-g187514-d1521613-Reviews-Lamucca_de_Prado-Madrid.html
El Rincon del Cabo,Bar,Medio,394 opiniones,Chulo,https://www.tripadvisor.es/Restaurant_Review-g187514-d12208439-Reviews-El_Rincon_del_Cabo-Madrid.html
Sublime Dreams Food,Americana,Medio,243 opiniones,MUY BIEN,https://www.tripadvisor.es/Restaurant_Review-g187514-d16733876-Reviews-Sublime_Dreams_Food-Madrid.html
WelkhomeClub,Latina,Bajo,168 opiniones,Welcome Club lugar para pasarla incre√≠ble,https://www.tripadvisor.es/Restaurant_Review-g187514-d17835300-Reviews-WelkhomeClub-Madrid.html
niM√ö Barquillo,Mediterr√°nea,Medio,870 opiniones,"Comida muy rica, ambiente cl√°sico",https://www.tripadvisor.es/Restaurant_Review-g187514-d4773923-Reviews-NiMU_Barquillo-Madrid.html
Mes√≥n Molinero,Restaurante de carne,Medio,376 opiniones,Grandioso,https://www.tripadvisor.es/Restaurant_Review-g187514-d990935-Reviews-Meson_Molinero-Madrid.html
Bah√≠a Taberna,Internacional,Medio,1478 opiniones,"comida buena, servicio tb pero algo caro",https://www.tripadvisor.es/Restaurant_Review-g187514-d803211-Reviews-Bahia_Taberna-Madrid.html
Lazzarella,Italiana,Medio,60 opiniones,"Es posible volver,",https://www.tripadvisor.es/Restaurant_Review-g187514-d21401550-Reviews-Lazzarella-Madrid.html
L√≥pez & L√≥pez Pizzer√≠a,Italiana,Bajo,167 opiniones,Pizzas originales y riqu√≠simas,https://www.tripadvisor.es/Restaurant_Review-g187514-d10202528-Reviews-Lopez_Lopez_Pizzeria-Madrid.html
Steakburger Gran V√≠a 55,Americana,Medio,1512 opiniones,"buena comida y una gran atenci√≥n por parte de Ricki el camarero, subirle el sueldo por favor",https://www.tripadvisor.es/Restaurant_Review-g187514-d21090214-Reviews-SteakBurger_Gran_Via_55-Madrid.html
Tempus Restaurante,Peruana,Medio,33 opiniones,Repetir√≠a una y mil veces,https://www.tripadvisor.es/Restaurant_Review-g187514-d21291648-Reviews-Tempus_Restaurante-Madrid.html
Gato Gato,Mediterr√°nea,Medio,134 opiniones,Fant√°stico descubrimiento,https://www.tripadvisor.es/Restaurant_Review-g187514-d13239361-Reviews-Gato_Gato-Madrid.html
Naomi,Japonesa,Medio,763 opiniones,Muy bueno,https://www.tripadvisor.es/Restaurant_Review-g187514-d780909-Reviews-Naomi-Madrid.html
Restaurante La Malontina,Internacional,Medio,2196 opiniones,Peque√±o local con muy buen producto,https://www.tripadvisor.es/Restaurant_Review-g187514-d1222048-Reviews-Restaurante_La_Malontina-Madrid.html
Restaurante √âtimo by Bego√±a Fraire,Mediterr√°nea,Alto,887 opiniones,Un maravilloso restaurante,https://www.tripadvisor.es/Restaurant_Review-g187514-d13138415-Reviews-Restaurante_Etimo_by_Begona_Fraire-Madrid.html
Caro Club,Bares y pubs,Alto,37 opiniones,Buen servicio y diversi√≥n,https://www.tripadvisor.es/Restaurant_Review-g187514-d23914314-Reviews-Caro_Club-Madrid.html
Quispe Madrid,Peruana,Medio,340 opiniones,Buen√≠simo servicio de parte de Jos√© Luis,https://www.tripadvisor.es/Restaurant_Review-g187514-d13427168-Reviews-Quispe_Madrid-Madrid.html
NAP Lavapies,Italiana,Medio,454 opiniones,Pizza,https://www.tripadvisor.es/Restaurant_Review-g187514-d11510394-Reviews-NAP_Lavapies-Madrid.html
Mercado de San Ildefonso,Tentempi√©s,Medio,1253 opiniones,S√°bado de Tapas,https://www.tripadvisor.es/Restaurant_Review-g187514-d6838544-Reviews-Mercado_de_San_Ildefonso-Madrid.html
Bresca,Italiana,Bajo,790 opiniones,Correcto!!,https://www.tripadvisor.es/Restaurant_Review-g187514-d14029364-Reviews-Bresca-Madrid.html
Bresca,Italiana,Bajo,790 opiniones,Correcto!!,https://www.tripadvisor.es/Restaurant_Review-g187514-d16663184-Reviews-Bresca-Madrid.html
Trattoria da Alfredo,Italiana,Medio,115 opinionesCierra en 11 minutos,De los sitios que recomiendas a amigos con buen paladar,https://www.tripadvisor.es/Restaurant_Review-g187514-d10431626-Reviews-Trattoria_da_Alfredo-Madrid.html
Piccolina,Italiana,Medio,79 opinionesCierra en 11 minutos,16 km,https://www.tripadvisor.es/Restaurant_Review-g562660-d1233397-Reviews-Piccolina-San_Sebastian_de_los_Reyes.html
Los Grifos,Pub con cerveza artesanal,Medio,229 opiniones,L√∫pulo Madrid,https://www.tripadvisor.es/Restaurant_Review-g187514-d5430372-Reviews-Los_Porfiados-Madrid.html
El Horno Azul,Tentempi√©s,Bajo,117 opiniones,"Bueno, bonito, barato. Pizza hecha al momento, riqu√≠sima.",https://www.tripadvisor.es/Restaurant_Review-g187514-d3820558-Reviews-El_Horno_Azul-Madrid.html
The Spanish Farm,Espa√±ola‚Ç¨‚Ç¨ - ‚Ç¨‚Ç¨‚Ç¨,Medio,507 opiniones,Extraordinario,https://www.tripadvisor.es/Restaurant_Review-g187514-d10077266-Reviews-The_Spanish_Farm-Madrid.html
Dolores y Lola,Mediterr√°nea,Medio,268 opiniones,Excelente restaurante en Malasa√±a,https://www.tripadvisor.es/Restaurant_Review-g187514-d9593554-Reviews-Dolores_y_Lola-Madrid.html
Trattoria Popolare Fratelli Figurato,Italiana,Medio,149 opiniones,La mejor pizza que he comido en Madrid.,https://www.tripadvisor.es/Restaurant_Review-g187514-d17604711-Reviews-Trattoria_Popolare_Fratelli_Figurato-Madrid.html
Aboca Restobar,Italiana,Bajo,87 opiniones,Es mi primera vez en Madrid,https://www.tripadvisor.es/Restaurant_Review-g187514-d10227497-Reviews-Aboca_Restobar-Madrid.html
Brew Wild Pizza Bar,Bares y pubs,Medio,382 opiniones,#Fromüá®üá∑W/loveüñ§,https://www.tripadvisor.es/Restaurant_Review-g187514-d12493147-Reviews-Brew_Wild_Pizza_Bar-Madrid.html
Palki Indian Restaurant,India‚Ç¨‚Ç¨ - ‚Ç¨‚Ç¨‚Ç¨Carta,Medio,33 opiniones,Op√≠para comida hind√∫ de calidad,https://www.tripadvisor.es/Restaurant_Review-g187514-d21137957-Reviews-Palki_Indian_Restaurant-Madrid.html
Ponja Nikkei,Japonesa,Alto,91 opinionesCierra en 11 minutos,Mejor japon√©s que he probado.,https://www.tripadvisor.es/Restaurant_Review-g187514-d23193806-Reviews-Ponja_Nikkei-Madrid.html
El miniBAR,Bares y pubs,Bajo,2560 opiniones,Un sitio estupendo.,https://www.tripadvisor.es/Restaurant_Review-g187514-d3688138-Reviews-El_miniBAR-Madrid.html
Murillo Caf√© - Restaurante,Mediterr√°nea,Medio,1000 opiniones,Muy bien!,https://www.tripadvisor.es/Restaurant_Review-g187514-d2403630-Reviews-Murillo_Cafe_Restaurante-Madrid.html
Mano De Santa,Internacional,Alto,178 opiniones,Excelente,https://www.tripadvisor.es/Restaurant_Review-g187514-d23391409-Reviews-Mano_De_Santa-Madrid.html
La Taberna de Mister Pinkleton,Bar,Medio,886 opiniones,Encantada,https://www.tripadvisor.es/Restaurant_Review-g187514-d3847118-Reviews-La_Taberna_de_Mister_Pinkleton-Madrid.html
Il Boccone,Italiana,Medio,179 opinionesCierra en 11 minutos,"Buen trato, buena comida",https://www.tripadvisor.es/Restaurant_Review-g187514-d10505188-Reviews-Il_Boccone-Madrid.html
Grosso Napoletano,Italiana,Medio,383 opiniones,Buena pizza,https://www.tripadvisor.es/Restaurant_Review-g187514-d13004658-Reviews-Grosso_Napoletano-Madrid.html
Grosso Napoletano,Italiana,Medio,383 opiniones,Buena pizza,https://www.tripadvisor.es/Restaurant_Review-g187514-d15265582-Reviews-Grosso_Napoletano-Madrid.html
Dog & Fox Urban Kitchen,Mexicana,Medio,42 opinionesCierra en 11 minutos,Comida aut√©ntica americana en pleno barrio de Arg√ºelles,https://www.tripadvisor.es/Restaurant_Review-g187514-d15212060-Reviews-Dog_Fox_Urban_Kitchen-Madrid.html
La Taberna De Moncloa,Bar,Bajo,356 opiniones,Buen sitio,https://www.tripadvisor.es/Restaurant_Review-g187514-d5489503-Reviews-La_Taberna_De_Moncloa-Madrid.html
La Sifoner√≠a,Mediterr√°nea,Medio,473 opiniones,Muy recomendable! Carpaccio de pez mantequilla,https://www.tripadvisor.es/Restaurant_Review-g187514-d8808803-Reviews-La_Sifoneria-Madrid.html
O`pulpo,Marisco,Medio,353 opiniones,Muy recomendable,https://www.tripadvisor.es/Restaurant_Review-g187514-d990889-Reviews-O_pulpo-Madrid.html
Gandar√≠o,Comida r√°pida,Bajo,573 opiniones,Consumici√≥n + tapa rica,https://www.tripadvisor.es/Restaurant_Review-g187514-d5616788-Reviews-Gandario-Madrid.html
Celicioso by Only YOU Hotels,Caf√© y t√©,Medio,499 opiniones,Desayuno libre de gluten,https://www.tripadvisor.es/Restaurant_Review-g187514-d10310711-Reviews-Celicioso_by_Only_YOU_Hotels-Madrid.html
Restaurante El Abuelito,Restaurante de carne,Medio,88 opiniones,9.9 km,https://www.tripadvisor.es/Restaurant_Review-g580334-d17728022-Reviews-Restaurante_El_Abuelito-Pozuelo_de_Alarcon.html
Tot√≤ E Peppino,Italiana,Medio,315 opinionesCierra en 8 minutos,Buena atenci√≥n y comida rica,https://www.tripadvisor.es/Restaurant_Review-g187514-d1998443-Reviews-Toto_E_Peppino-Madrid.html
Jauja Caf√©,Mediterr√°nea,Medio,127 opiniones,Restaurante discreto con platos ricos a buen precio.,https://www.tripadvisor.es/Restaurant_Review-g187514-d14763413-Reviews-Jauja_Cafe-Madrid.html
Tsukuri Soba,China,Medio,37 opiniones,Gyozas espectaculares,https://www.tripadvisor.es/Restaurant_Review-g187514-d22939261-Reviews-Tsukuri_Soba-Madrid.html
Manzoni Trattoria,Italiana,Medio,175 opiniones,"La Trattoria Manzoni, uno de los italianos imprescindibles en Madrid, cambia de ubicaci√≥n‚Ä¶",https://www.tripadvisor.es/Restaurant_Review-g187514-d4554436-Reviews-Manzoni_Trattoria-Madrid.html
Asador Nuevo Porche,Restaurante de carne,Medio,331 opiniones,El mejor cochinillo,https://www.tripadvisor.es/Restaurant_Review-g187514-d2252177-Reviews-Asador_Nuevo_Porche-Madrid.html
Il Cratere del Gusto,Italiana,Medio,185 opiniones,Peque√±ito pero coqueto,https://www.tripadvisor.es/Restaurant_Review-g187514-d2224051-Reviews-Il_Cratere_del_Gusto-Madrid.html
Restaurante Justo a tu Gusto,Brasile√±a,Medio,211 opiniones,14.6 km,https://www.tripadvisor.es/Restaurant_Review-g562645-d10219927-Reviews-Justo_a_tu_Gusto-Alcobendas.html
Asian Army,Asi√°tica,Medio,53 opiniones,Delicioso,https://www.tripadvisor.es/Restaurant_Review-g187514-d19061027-Reviews-Asian_Army-Madrid.html
Almalibre A√ßa√≠ House Madrid,Caf√©,Medio,151 opiniones,Brunch incre√≠ble,https://www.tripadvisor.es/Restaurant_Review-g187514-d18930235-Reviews-Almalibre_Acai_House_Madrid-Madrid.html
Sr. Ito Lab,Japonesa,Medio,231 opiniones,Totalmente recomendable. Excelente en todos los sentidos,https://www.tripadvisor.es/Restaurant_Review-g187514-d13504426-Reviews-Sr_Ito_Lab-Madrid.html
Mafrens Healthy Food,Caf√© y t√©,Medio,49 opiniones,Muy recomendable,https://www.tripadvisor.es/Restaurant_Review-g187514-d17811500-Reviews-Mafrens_Healthy_Food-Madrid.html
Cervecer√≠a La Mayor,Bar,Medio,438 opiniones,Gran variedad de cervezas,https://www.tripadvisor.es/Restaurant_Review-g187514-d1811145-Reviews-Cerveceria_La_Mayor-Madrid.html
Trinakria,Italiana,Bajo,24 opiniones,La migliore pizzeria di Madrid ‚ù§Ô∏è,https://www.tripadvisor.es/Restaurant_Review-g187514-d17912412-Reviews-Trinakria-Madrid.html
Don Giovanni,Italiana,Medio,1005 opinionesCierra en 8 minutos,Delicioso,https://www.tripadvisor.es/Restaurant_Review-g187514-d3355774-Reviews-Don_Giovanni-Madrid.html
Osteria Bravissimo,Francesa,Alto,61 opiniones,Una agradable sorpresa.,https://www.tripadvisor.es/Restaurant_Review-g187514-d24902091-Reviews-Osteria_Bravissimo-Madrid.html
La Pulper√≠a De Victoria,Marisco,Medio,1314 opiniones,Cerca de sol. Recomendable,https://www.tripadvisor.es/Restaurant_Review-g187514-d3134558-Reviews-La_Pulperia_de_Victoria-Madrid.html
DokiDOki,Japonesa,Medio,908 opinionesCierra en 8 minutos,Muy recomendable,https://www.tripadvisor.es/Restaurant_Review-g187514-d7125336-Reviews-DokiDoki-Madrid.html
Alcaravea,Mediterr√°nea,Medio,523 opiniones,Cena con amigos,https://www.tripadvisor.es/Restaurant_Review-g187514-d2403049-Reviews-Alcaravea-Madrid.html
Lamucca de Almagro,Internacional,Medio,953 opiniones,Para disfrutar con amigos,https://www.tripadvisor.es/Restaurant_Review-g187514-d9740197-Reviews-Lamucca_de_Almagro-Madrid.html
Matador,Bar,Bajo,231 opiniones,Sabor de Marruecos en Val√®ncia,https://www.tripadvisor.es/Restaurant_Review-g187514-d990964-Reviews-Matador-Madrid.html
La Bajada Street Food,Peruana,Medio,408 opiniones,Atenci√≥n estupenda,https://www.tripadvisor.es/Restaurant_Review-g187514-d23999961-Reviews-La_Bajada_Street_Food-Madrid.html
Pomodoro e Basilico,Italiana,Medio,21 opiniones,Cena improvisada,https://www.tripadvisor.es/Restaurant_Review-g187514-d12143019-Reviews-Pomodoro_e_Basilico-Madrid.html
Gagos pizza,Italiana,Bajo,68 opiniones,14.9 km,https://www.tripadvisor.es/Restaurant_Review-g1063671-d4582795-Reviews-Gagos_Pizza-San_Fernando_de_Henares.html
Larepera,Bares y pubs,Bajo,56 opinionesAbre en 6 minutos,INDUSTRIABAR,https://www.tripadvisor.es/Restaurant_Review-g187514-d14783528-Reviews-Larepera-Madrid.html
Artemisa Sol-Gran Via,Mediterr√°nea,Medio,387 opinionesCierra en 6 minutos,PARA REPETIR COMIDA MUY BUENA,https://www.tripadvisor.es/Restaurant_Review-g187514-d3568628-Reviews-Artemisa_Sol_Gran_Via-Madrid.html
Restaurante Chulla Ville,Mediterr√°nea,Medio,59 opiniones,El mejor de la zona con diferencia,https://www.tripadvisor.es/Restaurant_Review-g187514-d23109805-Reviews-Restaurante_Chulla_Ville-Madrid.html
Noi Due Ristorante Pizzeria,Italiana,Medio,193 opinionesCierra en 6 minutos,Nuestro Italiano favorito,https://www.tripadvisor.es/Restaurant_Review-g187514-d10342487-Reviews-Noi_Due_Ristorante_Pizzeria-Madrid.html
Asador Avelino,Restaurante de carne,Medio,310 opiniones,Mejor cochinillo de Madrid,https://www.tripadvisor.es/Restaurant_Review-g187514-d3599917-Reviews-Asador_Avelino-Madrid.html
La Carbonera,Mediterr√°nea,Medio,288 opiniones,Muy bien sitio,https://www.tripadvisor.es/Restaurant_Review-g187514-d8101133-Reviews-La_Carbonera-Madrid.html
Casa Benigna,Mediterr√°nea,Alto,959 opiniones,Arroces y socarras en paelleras especialmente dise√±adas.,https://www.tripadvisor.es/Restaurant_Review-g187514-d991647-Reviews-Casa_Benigna-Madrid.html
Trattoria Adriana,Italiana,Bajo,42 opinionesCierra en 6 minutos,Maravilloso,https://www.tripadvisor.es/Restaurant_Review-g187514-d17788329-Reviews-Trattoria_Adriana-Madrid.html
Pez Tortilla,Pub con cerveza artesanal,Bajo,219 opiniones,"Recomendable, bar animado perfecto para un alto en el camino.",https://www.tripadvisor.es/Restaurant_Review-g187514-d12879541-Reviews-Pez_Tortilla-Madrid.html
Wok Garden Parrilla,China,Medio,74 opiniones,14.3 km,https://www.tripadvisor.es/Restaurant_Review-g562646-d12160508-Reviews-Wok_Garden_Parrilla-Alcorcon.html
Mu! El Placer De La Carne,Restaurante de carne,Medio,2968 opiniones,Encantador,https://www.tripadvisor.es/Restaurant_Review-g187514-d9455140-Reviews-Mu_El_Placer_De_La_Carne-Madrid.html
Hot Now,Italiana,Medio,150 opinionesCierra en 6 minutos,Muy muy bien,https://www.tripadvisor.es/Restaurant_Review-g187514-d14005781-Reviews-Hot_Now-Madrid.html
Mercado de San Miguel,Bar,Medio,34.374 opiniones,El Mercado!,https://www.tripadvisor.es/Restaurant_Review-g187514-d6367286-Reviews-Mercado_de_San_Miguel-Madrid.html
La Bella Anna,Italiana,Medio,243 opiniones,LUGAR AGRADABLE PARA COMER,https://www.tripadvisor.es/Restaurant_Review-g187514-d4420134-Reviews-La_Bella_Anna-Madrid.html
Restaurante Marina Ventura,Marisco,Medio,1595 opiniones,Paella incre√≠ble,https://www.tripadvisor.es/Restaurant_Review-g187514-d988061-Reviews-Restaurante_Marina_Ventura-Madrid.html
desenga√±o13,Mediterr√°nea,Medio,421 opiniones,Raciones y charla,https://www.tripadvisor.es/Restaurant_Review-g187514-d4473807-Reviews-Desengano13-Madrid.html
Los Montes de Galicia,Internacional,Medio,11.477 opinionesCierra en 6 minutos,Super experiencia,https://www.tripadvisor.es/Restaurant_Review-g187514-d2006562-Reviews-Los_Montes_de_Galicia-Madrid.html
GO!Sushing Getafe,Japonesa,Medio,22 opinionesCierra en 6 minutos,11.3 km,https://www.tripadvisor.es/Restaurant_Review-g562652-d17815046-Reviews-GO_Sushing_Getafe-Getafe.html
Casa Jaguar Madrid,Mexicana,Medio,699 opiniones,5‚ú®‚ú®‚ú®‚ú®‚ú®,https://www.tripadvisor.es/Restaurant_Review-g187514-d10382291-Reviews-Casa_Jaguar_Madrid-Madrid.html
Aura Cafe,Caf√©,Medio,29 opiniones,Personal muy agradable,https://www.tripadvisor.es/Restaurant_Review-g187514-d21326678-Reviews-Aura_Cafe-Madrid.html
Le Coq Atocha,Francesa,Medio,114 opiniones,Muy bueno!,https://www.tripadvisor.es/Restaurant_Review-g187514-d23219397-Reviews-Le_Coq_Atocha-Madrid.html
Cafeteria HD,Bar,Medio,692 opiniones,Ah√≠ sigue,https://www.tripadvisor.es/Restaurant_Review-g187514-d1888298-Reviews-Cafeteria_HD-Madrid.html
Casa Macareno,Mediterr√°nea,Medio,424 opiniones,Volver√© para probar la ensaladilla,https://www.tripadvisor.es/Restaurant_Review-g187514-d10207125-Reviews-Casa_Macareno-Madrid.html
Oter Epicure,Mediterr√°nea,Medio,407 opiniones,"MUY BUEN SITIO PARA COMER A UN PRECIO RAZONABLE,PERO NO CUMPLEN COVID",https://www.tripadvisor.es/Restaurant_Review-g187514-d990871-Reviews-Oter_Epicure-Madrid.html
Xiaolongkan Hot Pot,China,Medio,35 opiniones,Un viaje a China sin salir de Madrid!!,https://www.tripadvisor.es/Restaurant_Review-g187514-d23482816-Reviews-Xiaolongkan_Hot_Pot-Madrid.html
Panaria,Caf√© y t√©,Medio,42 opiniones,Atenci√≥n cuidada,https://www.tripadvisor.es/Restaurant_Review-g187514-d15536004-Reviews-Panaria-Madrid.html
MY Pasta Room,Italiana‚Ç¨‚Ç¨ - ‚Ç¨‚Ç¨‚Ç¨,Medio,47 opiniones,Muy recomendable,https://www.tripadvisor.es/Restaurant_Review-g187514-d22928361-Reviews-MY_Pasta-Madrid.html
Pizzeria Fratelli Figurato,Italiana,Bajo,320 opiniones,"Bueno, pero puede mejorar",https://www.tripadvisor.es/Restaurant_Review-g187514-d13226335-Reviews-Pizzeria_Fratelli_Figurato-Madrid.html
Everest Curry House,India,Medio,23 opiniones,Genial,https://www.tripadvisor.es/Restaurant_Review-g187514-d19444225-Reviews-Everest_Curry_House-Madrid.html
Da Nicola Gran V√≠a,Italiana,Medio,824 opiniones,De lo menor cerca de La Plaza Espa√±a,https://www.tripadvisor.es/Restaurant_Review-g187514-d2103897-Reviews-Da_Nicola-Madrid.html
That's Amore,Italiana,Medio,55 opiniones,Las mejores pizzas de Madrid,https://www.tripadvisor.es/Restaurant_Review-g187514-d16857286-Reviews-That_s_Amore-Madrid.html
Alduccio,Italiana,Medio,220 opiniones,Muy recomendable,https://www.tripadvisor.es/Restaurant_Review-g187514-d991728-Reviews-Alduccio-Madrid.html
Restaurante La Vanduca,Mediterr√°nea,Medio,342 opiniones,"Croquetas, ensaladas y tortilla",https://www.tripadvisor.es/Restaurant_Review-g187514-d8015602-Reviews-Restaurante_La_Vanduca-Madrid.html
Pans & Company,Caf√©,Bajo,28 opiniones,Buenos bocadillos,https://www.tripadvisor.es/Restaurant_Review-g187514-d15355288-Reviews-Pans_Company-Madrid.html
Trattoria In Crescendo,Italiana,Medio,175 opiniones,Buenas pizzas,https://www.tripadvisor.es/Restaurant_Review-g187514-d3977134-Reviews-Trattoria_In_Crescendo-Madrid.html
Fasf√∫ Burguers,Postres,Bajo,79 opiniones,Comida R√°pida,https://www.tripadvisor.es/Restaurant_Review-g187514-d24023408-Reviews-Fasfu_Burguers-Madrid.html
MEGU,China,Medio,129 opiniones,UN ASI√ÅTICO DE CONFIANZA,https://www.tripadvisor.es/Restaurant_Review-g187514-d8559989-Reviews-Megu-Madrid.html
Fratelli d'italia Lavapi√©s,Italiana,Bajo,198 opiniones,Un viaje a Italia sin salir de Madrid,https://www.tripadvisor.es/Restaurant_Review-g187514-d5509621-Reviews-Fratelli_d_italia_Lavapies-Madrid.html
La Taberna de Francesco,Italiana,Bajo,55 opiniones,"Voy pr√°cticamente todos los d√≠as;Francesco y Sara son como familia,el trato es inmejorable y la comida espectacular.",https://www.tripadvisor.es/Restaurant_Review-g187514-d15634778-Reviews-La_Taberna_de_Francesco-Madrid.html
Bowlers Kitchen,India,Medio,49 opiniones,Good Vibes Delivery üõµü•ó,https://www.tripadvisor.es/Restaurant_Review-g187514-d13369621-Reviews-Bowlers_Kitchen-Madrid.html
El Brasero de Don Pedro,Restaurante de carne,Alto,847 opiniones,Mucho m√°s de lo que esperaba,https://www.tripadvisor.es/Restaurant_Review-g187514-d1060299-Reviews-El_Brasero_de_Don_Pedro-Madrid.html
nonsolocaff√©,Italiana,Medio,192 opiniones,Aut√©ntica comida italiana,https://www.tripadvisor.es/Restaurant_Review-g187514-d1437919-Reviews-Nonsolocaffe-Madrid.html
Solito Taqueria,Mexicana‚Ç¨‚Ç¨ - ‚Ç¨‚Ç¨‚Ç¨Carta,Medio,54 opiniones,Cocina mexicana con cari√±o.,https://www.tripadvisor.es/Restaurant_Review-g187514-d21359891-Reviews-Solito_Taqueria_Mexicana-Madrid.html
Restaurante La Rita,Internacional,Medio,40 opiniones,Comida grupo fenomenal,https://www.tripadvisor.es/Restaurant_Review-g187514-d23685071-Reviews-Restaurante_La_Rita-Madrid.html
Asia Te,China,Medio,163 opiniones,Buen√≠simo,https://www.tripadvisor.es/Restaurant_Review-g187514-d2096546-Reviews-Asia_Te-Madrid.html
Diaz y Larrouy,Mediterr√°nea,Medio,136 opiniones,"Una pena, se alquila",https://www.tripadvisor.es/Restaurant_Review-g187514-d2076093-Reviews-Diaz_y_Larrouy-Madrid.html
Mad by Roble√±o,Mediterr√°nea,Medio,35 opiniones,Para repetir.,https://www.tripadvisor.es/Restaurant_Review-g187514-d18931308-Reviews-Mad_by_Robleno-Madrid.html
El Cunzato,Italiana,Bajo,31 opiniones,¬°Gran descubrimiento!,https://www.tripadvisor.es/Restaurant_Review-g187514-d24170396-Reviews-El_Cunzato-Madrid.html
Crudo,Mediterr√°nea,Medio,13 opiniones,Muy recomendable,https://www.tripadvisor.es/Restaurant_Review-g187514-d23149706-Reviews-Crudo-Madrid.html
La Lonja Restaurante,Marisco,Medio,550 opiniones,Agradable sitio en un lugar privilegiado,https://www.tripadvisor.es/Restaurant_Review-g187514-d8129022-Reviews-La_Lonja_Restaurante-Madrid.html
Federica By Chef Oswaldo Sanchez,Italiana,Medio,72 opiniones,BUEN√çSIMO,https://www.tripadvisor.es/Restaurant_Review-g187514-d13122400-Reviews-Federica_By_Chef_Oswaldo_Sanchez-Madrid.html
