restaurante,gastronomia,precio,opinion,rese√±a,ubicacion,Lat&Lon
Yakiniku Rikyu,Japonesa,Medio,267 opiniones,Patrocinado,"P.¬∫ de la Castellana, 15, 28046 Madrid","(40.4280979, -3.690173)"
marmit√≥n,Mediterr√°nea,Medio,89 opiniones,MICHELIN,"C. de las Aguas, 6, 28005 Madrid","(40.4108219, -3.712107746868964)"
Vinoteca Morat√≠n,Internacional,Medio,1221 opiniones,MICHELIN,"C. de Morat√≠n, 36, 28014 Madrid","(40.412472050000005, -3.6954412113077497)"
Pilar Akaneya,Japonesa,Alto,276 opiniones,MICHELIN,"C. de Espronceda, 33, 28003 Madrid","(40.4405573, -3.696109)"
Gioia,Italiana,Medio,387 opiniones,MICHELIN,"C. de San Bartolom√©, 23, 28004 Madrid","(40.4221651, -3.6983792)"
Noi Ristorante,Italiana,Medio,244 opiniones,MICHELIN,"C. de Recoletos, 6, 28001 Madrid","(40.4220139, -3.6906004)"
Mudr√° Plant Based Recoletos,Internacional,Medio,67 opiniones,MICHELIN,"C. de Recoletos, 13, 28001 Madrid","(40.4218211, -3.6898244)"
La MaM√° Restaurante,Mediterr√°nea,Medio,225 opiniones,MICHELIN,"6 bis, Parque, Av. de Brasil, 28020 Madrid",
Sisapo,Mediterr√°nea,Medio,71 opiniones,MICHELIN,"C. de Trafalgar, 14, 28010 Madrid","(40.4318711, -3.7004566)"
RECREO Espartinas,Mediterr√°nea,Medio,366 opiniones,MICHELIN,"C. de Espartinas, N¬∫ 5, 28001 Madrid",
Miyama,Japonesa,Alto,837 opiniones,MICHELIN,,"(44.933143, 7.540121)"
Deessa,Mediterr√°nea,Alto,52 opiniones,MICHELIN,"Pl. de la Lealtad, 5, 28014 Madrid","(40.41555015, -3.692725530645917)"
Hotaru Madrid,Japonesa,Alto,199 opiniones,MICHELIN,"C. de Alcal√°, 99, 28009 Madrid","(40.421502, -3.6834669)"
Yugo the Bunker,Japonesa,Alto,342 opiniones,MICHELIN,"Calle de San Blas, 4, 28014 Madrid","(40.410375, -3.6938335)"
Coque,Internacional,Alto,476 opiniones,MICHELIN,,"(44.933143, 7.540121)"
El pedrusco de Aldealcorvo,Internacional,Medio,223 opinionesCierra en 6 minutos,MICHELIN,"C. de Juan de Austria, 27, 28010 Madrid","(40.4339433, -3.7000495)"
KABUKI WELLINGTON SL,Japonesa,Alto,974 opiniones,MICHELIN,"C. de Vel√°zquez, 6, 28001 Madrid","(40.4217715, -3.6841825)"
Kabuki,Japonesa,Alto,725 opiniones,MICHELIN,,"(44.933143, 7.540121)"
Restaurante Lakasa,Mediterr√°nea,Medio,1161 opiniones,MICHELIN,"Pl. del Descubridor Diego de Ord√°s, 1, 28003 Madrid","(40.4408805, -3.7007791)"
Bardero,Mediterr√°nea,Medio,106 opiniones,Comida espectacular por 37‚Ç¨ por persona,"Palos de la Frontera, 11, 28012 Madrid","(40.4039759, -3.694602)"
Pizzart Fuencarral,Italiana,Medio,940 opiniones,Excelente comida,"Calle de Fuencarral, 58, 28004 Madrid","(40.4240282, -3.7005775)"
Ornella Vel√°zquez,Italiana,Medio,2317 opiniones,La parmigiana de la nonna y la atencion 10/10,"C. de Vel√°zquez, 18, 28001 Madrid","(40.4233344, -3.6841057)"
Lettera Trattoria moderna,Italiana,Medio,1564 opiniones,Muy recomendable,"C. de la Reina, 20, 28004 Madrid","(40.4197308, -3.6981938)"
Pizzart Villa Canalejas,Italiana,Medio,901 opiniones,Magnifico,"C. de Arlab√°n, 1, 28014 Madrid","(40.4170322, -3.6995917)"
Pummarola,Italiana,Medio,605 opiniones,8 km,"Av. de Europa, 17, 28224 Pozuelo de Alarc√≥n, Madrid","(40.4444685, -3.789951)"
Brunchit Malasa√±a,Caf√©,Medio,548 opiniones,Buen brunch,"C. del Noviciado, 12, 28015 Madrid",
Ouh...Babbo!,Italiana,Medio,665 opiniones,Comida deliciosa a precio ajustado,"C. de los Ca√±os del Peral, 2, 28013 Madrid",
Restaurante Excalibur Madrid,Restaurante de carne,Medio,170 opiniones,Espect√°culo,"C. de Mart√≠n de los Heros, 28, 28008 Madrid","(40.4257675, -3.7146245)"
Rigatoni,Italiana,Medio,250 opiniones,15.5 km,"C. de Boadilla, 8, 28220 Majadahonda, Madrid","(40.4723325, -3.852097)"
Davanti Food & Market,Italiana,Medio,413 opiniones,"Buena comida, local muy agradable","C. de Augusto Figueroa, 41, 28004 Madrid","(40.4220975, -3.6968794)"
Entre Santos Madrid,Mediterr√°nea,Medio,1346 opiniones,Buen ambiente. Cocteler√≠a estupenda,"C. de San Bartolom√©, 4, 28004 Madrid","(40.4213536, -3.6986687)"
Trattoria Malatesta,Italiana,Medio,2138 opiniones,Aut√©ntica pizza italiana,"Trattoria Malatesta, C. de los Coloreros, 5, 28013 Madrid","(40.416551, -3.707066)"
Minelli 1960,Italiana,Medio,111 opiniones,Italiano imprescindible,"Cl. de Ayala, 140, 28006 Madrid","(40.4270602, -3.6721896)"
Oven Mozzarella Gran V√≠a 6,Italiana,Medio,5337 opiniones,Genial,"C.Gran V√≠a, 6, 28013 Madrid","(40.4193615, -3.6979191)"
Lab '84,Italiana,Medio,75 opiniones,Muy Fan de este lugar.,,"(44.933143, 7.540121)"
Sibuya Urban Sushi Bar Madrid C/Orense,Japonesa,Medio,871 opiniones,La comida y el servicio,"C. de Orense, 11, 28020 Madrid","(40.4551425, -3.6947608)"
Gustazio Gastrobar,Italiana,Medio,237 opiniones,La mejor pizza que puedas comer (al menos en Madrid),"C. de Embajadores, 197, 28045 Madrid","(40.3883103, -3.6910665)"
Smok Mok,Japonesa,Bajo,103 opiniones,Incre√≠ble!!!!,"Calle del Dr Cortezo, 10, 28012 Madrid","(40.41308265, -3.703991681218869)"
Piccola Napoli,Italiana,Bajo,500 opiniones,Comida muy rica y a buen precio,,"(44.933143, 7.540121)"
Da Luca,Italiana,Medio,451 opiniones,14.6 km,,"(44.933143, 7.540121)"
Il Pizzaiolo,Italiana,Medio,929 opiniones,Gran descubrimiento,"C/ de Hortaleza, 84, 28004 Madrid","(40.4237578, -3.6985395)"
Pastamore,Italiana,Medio,1024 opiniones,Deliciosa la comida,"C. de Alcal√°, 191, 28009 Madrid","(40.4276705, -3.6699464)"
Oven Mozzarella,Italiana,Medio,712 opiniones,Excelente como siempre,,"(44.933143, 7.540121)"
Gourmet Experience Gran V√≠a,Japonesa,Medio,1029 opiniones,Gran via,"Comercial El Corte Ingl√©s, Pl. del Callao, 2, 9¬™ planta Centro, 28013 Madrid",
Proverbium,Italiana,Medio,302 opiniones,15 km,"C. de los M√°rtires, 19, 28660 Boadilla del Monte, Madrid","(40.4082737, -3.8772492)"
Dans Le Noir ?,Mediterr√°nea,Alto,460 opiniones,Muy buena experiencia!,"Pl. del Biombo, 5, 28013 Madrid","(40.4160083, -3.711420090625)"
Kamado Asian Food X-Madrid,Asi√°tica,Medio,229 opiniones,15 km,"C. Oslo, 53, 28922 Alcorc√≥n, Madrid","(40.33970455, -3.8476277532704177)"
PICCOLO DIAVOLO,Italiana,Medio,689 opiniones,Restaurante italiano Madrid,"C. de F√∫car, 11, 28014 Madrid","(40.4114617, -3.6955698)"
Raza Madrid,Restaurante de carne,Alto,188 opiniones,Bien pero sorpresa,,"(44.933143, 7.540121)"
Eatmytrip Brunch & Cocktails Madrid,Americana,Medio,203 opiniones,100% Recomendado,,"(44.933143, 7.540121)"
Pizzeria Vesuvio -Hortaleza,Italiana,Bajo,796 opiniones,"Muy recomendable,personal amable","C/ de Hortaleza, 4, 28004 Madrid","(40.4205983, -3.7006627)"
BLoved,Internacional,Medio,475 opiniones,Cuqui,"C.Gran V√≠a, 9, 28013 Madrid","(40.4194531, -3.6990703)"
Trattoria Pulcinella,Italiana,Medio,2786 opiniones,Cena con amigos,"C. de Regueros, 7, 28004 Madrid","(40.4246294, -3.6965193)"
Oven Mozzarella Bar Fuencarral,Italiana,Medio,4135 opiniones,Cena exquisita,"Calle de Fuencarral, 74, 28004 Madrid","(40.4251706, -3.7007733)"
Pizzie & Dixie,Italiana,Medio,210 opiniones,Comida sin gluten y vegana,"C. de San Vicente Ferrer, 16, 28004 Madrid","(40.4257159, -3.702929)"
Fiaschetteria La Saletta,Italiana,Bajo,298 opiniones,Perfecta opci√≥n de cocina italiana autentica,"C. de Sta. Isabel, 5, 2nd floor, 28012 Madrid",
Ronda 14,Japonesa,Medio,983 opiniones,Excelente cena familiar,,"(44.933143, 7.540121)"
Bombardino Caf√©,Italiana,Medio,353 opiniones,Experiencia inolvodable,,"(44.933143, 7.540121)"
Matilda,Caf√© y t√©,Bajo,760 opiniones,"Buen trato, rica comida",,"(44.933143, 7.540121)"
Oliveto,Italiana,Medio,380 opiniones,"Todo muy bueno, solo he echado de menos alg√∫n tipo de ensalada. Por lo dem√°s acogedor, buen trato y muy familiar.","C. de Sta. Isabel, 45, 28012 Madrid","(40.4097721, -3.6964775)"
Etnico Madrid,Bares y pubs,Medio,141 opiniones,Excelente cocteleriaBar,,"(44.933143, 7.540121)"
La General Bistr√≥ & Caf√©,Caf√© y t√©,Medio,403 opiniones,BBB,"C. del Planeta, 3, 28042 Madrid","(40.2260137, -3.7580724)"
Araldo Arte del Gusto,Italiana,Medio,211 opiniones,Restaurante italiano de calidad.materia prima de primera calidad.,"C. de los Madrazo, 5, 28014 Madrid","(40.4176169, -3.698063488576339)"
Ristorante Reginella,Italiana,Medio,681 opiniones,Masa aireada y sabrosa pizza,"Calle de Modesto Lafuente, 76, 28003 Madrid","(40.4414475, -3.6960349)"
Eatmytrip Brunch & Dinner Madrid,Americana,Medio,62 opiniones,Tambi√©n tienen cenas los fines de semana y est√°n genial!!,,"(44.933143, 7.540121)"
Menomale,Italiana,Medio,204 opiniones,Maravilla,"C. de San Bernardo, 85, 28015 Madrid","(40.4284441, -3.7063184)"
Casa Crimi,Italiana,Medio,32 opiniones,"Espectacular, como siempre","P.¬∫ del Marqu√©s de Zafra, 44, 28028 Madrid","(40.425140999999996, -3.6628612439346835)"
Mam√∫a Caf√© Bar. Specialty coffee,Caf√©,Bajo,129 opiniones,FANTASTICO,"Pl. de Cascorro, 7, 28005 Madrid","(40.4102866, -3.7071215)"
Pizzart Villa Luchana,Italiana,Medio,775 opiniones,Buena vibra ‚ú®,"C. de Luchana, 17, 28010 Madrid","(40.430298500000006, -3.7007008808428026)"
Dr Limon,Caf√©,Medio,81 opiniones,Totalmente recomendable,,"(44.933143, 7.540121)"
Filu e Ferru,Italiana,Medio,37 opiniones,Cocina sarda en Madrid,"C. de San Joaqu√≠n, 5, 28004 Madrid","(40.4245501, -3.7014272)"
Latasia,Peruana,Medio,480 opiniones,Buen√≠simo,"P.¬∫ de la Castellana, 115, 28046 Madrid","(40.4568559, -3.6907533)"
Sibuya Urban Sushi Bar X-Madrid,Japonesa,Medio,337 opiniones,11.6 km,"C. Oslo, 53, 28922 Alcorc√≥n, Madrid","(40.33970455, -3.8476277532704177)"
La Pizzateca,Italiana,Bajo,1150 opiniones,La mejor pizza de queso que he comido nunca.,"C. del Le√≥n, 35, 28014 Madrid","(40.4127726, -3.6992805)"
Sibuya Urban Sushi Bar Madrid C/ibiza,Japonesa,Medio,724 opiniones,Delicioso,"C. de Ibiza, 33, 28009 Madrid","(40.4183439, -3.6743147)"
Incl√°n Brutal Bar,Bar,Medio,5570 opiniones,Un lugar diferente donde comer,"C. de √Ålvarez Gato, 4, 28012 Madrid","(40.4151014, -3.7019298)"
CHILA,China,Medio,88 opiniones,Buen y original restaurante chino,,"(44.933143, 7.540121)"
Angelita Madrid,Internacional,Medio,809 opiniones,centrico y muy buen vino y comida,"C. de la Reina, 4, 28004 Madrid","(40.4203614, -3.7003595)"
Divino Tinto,Mediterr√°nea,Medio,278 opiniones,Recomendado 100%,"C. del Hierro, 4B, 28045 Madrid","(40.3931748, -3.6921024)"
Pizzamascalzone,Italiana,Medio,157 opiniones,Experiencia √∫nica,"Calle de Cervantes, 1, 28014 Madrid","(40.414889, -3.6945481)"
BAMMBAO,China,Medio,15 opiniones,Comida china innovadora muy top,"C. de Nicol√°s S√°nchez, 54, 28026 Madrid","(40.3832768, -3.7058932)"
√âccolo,Italiana,Medio,133 opiniones,Gusto de sitio,,"(44.933143, 7.540121)"
Maximo's,Japonesa,Medio,269 opiniones,Sushi de calidad,"Av. de Men√©ndez Pelayo, 53, 28009 Madrid","(40.4162707, -3.6778512)"
Taberna M√°s Al Sur,Mediterr√°nea,Medio,6329 opiniones,Excelente!,"C. de Sta. Isabel, 35, 28012 Madrid","(40.4100214, -3.6969556)"
Peppe Fusco The Italian,Italiana,Medio,606 opiniones,Comida exquisita. Relaci√≥n calidad/precio sobresaliente.,"Calle de Fuencarral, 139, 28010 Madrid","(40.4333131, -3.7041275)"
Metro Bistr√≥ - Plaza Mayor,Mediterr√°nea,Medio,1882 opiniones,Precio Calidad a Tope,"C. Imperial, 3, 28012 Madrid","(40.414546650000005, -3.7067441768480895)"
Cromia,Americana,Medio,20 opiniones,Parrillada vzlana deliciosa!,"Av. de Castilla-La Mancha, 113, LOCAL, 28701 San Sebasti√°n de los Reyes, Madrid",
Waraku,Japonesa,Medio,76 opiniones,Top Japon√©s,"C. de Benito Guti√©rrez, 4, 28008 Madrid","(40.4322225, -3.7180002)"
Mitiko,China,Alto,96 opiniones,Delicioso,"C. de Sor √Ångela de la Cruz, 22, 28020 Madrid","(40.4598584, -3.6954038)"
A v√Ånvera,Italiana,Medio,444 opiniones,Trato excepcional y comida de 10,"Calle de Zurbano, 85, 28003 Madrid","(40.4397914, -3.6928346)"
Enklima,Mediterr√°nea,Medio,231 opiniones,Absolutamente perfecto,,"(44.933143, 7.540121)"
Kaiten Sushi Madrid,Japonesa,Medio,270 opiniones,Muy buena experiencia y variedad,"C. de San Bernardo, 10, 28015 Madrid","(40.4219842, -3.7076973)"
Gramabar,Americana,Medio,1656 opiniones,Riquisimoooo,,"(44.933143, 7.540121)"
BIZZO! Moncloa,Italiana,Bajo,169 opiniones,¬°¬°¬°DE LOS MEJORES !!!,"C. de Andr√©s Mellado, 77, 28003 Madrid","(40.4395224, -3.7141628)"
Sibuya Urban Sushi Bar Chueca,Japonesa,Medio,1014 opiniones,Excelente calidad/precio,"C. de Santo Tom√©, 5, 28004 Madrid","(40.4236412, -3.6950547)"
Tacocteler√≠a,Bares y pubs,Medio,114 opiniones,Fant√°stico!,"C. de Valverde, 7, 28004 Madrid","(40.420994, -3.7022014)"
Malafemmena,Italiana,Medio,1512 opiniones,Italiano con toques diferentes,"C. del Dr. Esquerdo, 13, 28028 Madrid","(40.42642025000001, -3.6681965228846956)"
Mamma Maria,Italiana,Medio,439 opinionesCierra en 6 minutos,11 km,"C. Palomares, 1, 28911 Legan√©s, Madrid","(40.3293631, -3.7648207)"
La Burbujer√≠a,Mediterr√°nea,Medio,144 opiniones,"Qu√© rico todo, qu√© amables","C. del Barco, 7, 28004 Madrid","(40.4213047, -3.7028788)"
El 11 Resto-Brunch,Francesa,Medio,47 opiniones,Recomendable,,"(44.933143, 7.540121)"
Grosso Napoletano Senza Glutine,Italiana,Medio,66 opiniones,Gran opci√≥n para celiacos,,"(44.933143, 7.540121)"
izakaya Han,Japonesa,Medio,469 opiniones,Siuuuuuuu,"C. de San Bartolom√©, 10, 28004 Madrid","(40.4218369, -3.6984647)"
Sandy Barracane,Italiana,Medio,78 opiniones,Sin palabras.,,"(44.933143, 7.540121)"
Mamma Maria,Italiana,Medio,439 opiniones,11 km,"C. Palomares, 1, 28911 Legan√©s, Madrid","(40.3293631, -3.7648207)"
Cafeteria Neila,Bar,Bajo,133 opiniones,ideal para la cervecita y el pincho,"Calle de Sta. Mar√≠a, 41, 28014 Madrid","(40.41265, -3.6958247)"
Taberna de Pe√±alver,Marisco,Medio,1123 opiniones,Gran servicio y comida,"C. del Conde de Pe√±alver, 90, 28006 Madrid","(40.4337774, -3.6747828)"
Santita Virgen de los Peligros,Mexicana,Medio,1086 opiniones,Fant√°stico postre,"C. de la Virgen de los Peligros, 10, 28013 Madrid","(40.418907, -3.6995762)"
La Piramide,Internacional,Medio,230 opiniones,Fant√°stica celebraci√≥n familiar,,"(44.933143, 7.540121)"
La Piccola Trattoria,Italiana,Medio,332 opiniones,Insuperable,"C. de la Torrecilla del Leal, 15, 28012 Madrid","(40.4105895, -3.6994005)"
Lamiak,Bar,Bajo,313 opiniones,"Genial, rico, barato y buen ambiente",,"(44.933143, 7.540121)"
Emma y Julia,Italiana,Medio,543 opiniones,Buen italiano en plena Cava Baja,"C. de la Cava Baja, 19, 28005 Madrid","(40.4125001, -3.7089636)"
Pizzeria Fratelli,Italiana,Medio,466 opiniones,Muy buena experiencia,,"(44.933143, 7.540121)"
Casa Lucas,Mediterr√°nea,Medio,1381 opiniones,"Excelente, un cl√°sico",,"(44.933143, 7.540121)"
MACAO Pr√≠ncipe,Japonesa,Medio,376 opiniones,Platos diferentes.,"C. del Pr√≠ncipe, 16, 28012 Madrid","(40.4154674, -3.7003953)"
Vinos de Bellota,Mediterr√°nea,Medio,884 opiniones,Siempre es un acierto,"C. de Antonio Acu√±a, 27, 28009 Madrid","(40.42075165, -3.6788720207356844)"
Maruzzella,Italiana,Medio,1022 opiniones,Comida 100% italiana,"C. de Raimundo Fern√°ndez Villaverde, 28, 28003 Madrid","(40.44604875, -3.6995503594813393)"
Cervecer√≠a El Ca√±o,Bar,Bajo,269 opiniones,Cada vez que vengo a Madrid repito,"C. de Cobos de Segovia, 30, 28005 Madrid","(40.4060379, -3.7191486)"
Acqua In Bocca Trattoria,Italiana,Medio,90 opiniones,Italiano incre√≠ble. Excelente elecci√≥n,"C. de Arias Montano, 30, 28007 Madrid","(40.4097349, -3.6705178)"
Sto Globo Sushi Room,Japonesa,Medio,346 opinionesCierra en 2 minutos,Siguen siendo los mejores,"Calle de Sta. Teresa, 8, 28004 Madrid","(40.4257801, -3.6959139)"
Saz√≥n-arte,Mediterr√°nea,Medio,313 opiniones,Estupenda cena de tapeo,"C. de Menorca, 19, local izquierdo bajo g, 28009 Madrid",
Sr. Ito,Japonesa,Medio,975 opiniones,Sabor y atenci√≥n excelente,,"(44.933143, 7.540121)"
Rioko Nikkei Sushi Bar,Japonesa,Medio,67 opiniones,Un restaurante especial y acogedor,"Carrer de Ciscar, 49, bajo, 46005 Valencia",
Cruda Restaurante,Mexicana,Medio,533 opiniones,Estupendo,,"(44.933143, 7.540121)"
Trattoria Pizzeria A'Fenestella,Italiana,Medio,265 opiniones,Se solucion√≥ el malentendido,"C. de Torquemada, 25, 28043 Madrid","(40.4684417, -3.6384778)"
Restaurante Gaudium Chamber√≠,Mediterr√°nea,Medio,175 opiniones,Original y cl√°sico,"C. de Sta. Feliciana, 14, 28010 Madrid","(40.4331934, -3.6990576)"
Isabella Restaurante,Italiana,Medio,51 opiniones,Muy agradable a la vista y paladar,"C. de Puigcerda, 4, 28001 Madrid","(40.4238727, -3.6863008)"
I Malavoglia,Italiana,Medio,52 opiniones,Sitio tranquilo. Buenas pizzas,,"(44.933143, 7.540121)"
Guasa Madrid,Fusi√≥n,Medio,75 opiniones,Fenomenal,,"(44.933143, 7.540121)"
Lamonarracha-Chamber√≠,Japonesa,Medio,91 opiniones,Un japon√©s diferente con platos realmente buenos y un trato espectacular,"C. de Alonso Cano, 53, 28003 Madrid","(40.4428631, -3.6974228)"
Oven mozzarella Bar Las Tablas,Italiana,Medio,1361 opiniones,Comida deliciosa y excelente servicio,"Esquina con, Calle San Juan de Ortega, C. de Hontan√°s, 36, 28050 Madrid",
Cafe Grill La Luna,Italiana,Medio,94 opiniones,15.1 km,"C. de Pablo Picasso, 13, 28100 Alcobendas, Madrid","(40.5425173, -3.6377026)"
Yakiniku Rikyu,Japonesa,Medio,267 opinionesCierra en 2 minutos,Para repetir sin duda,"P.¬∫ de la Castellana, 15, 28046 Madrid","(40.4280979, -3.690173)"
Empanadas Malv√≥n,Latina,Medio,86 opiniones,Empanadas de 10,,"(44.933143, 7.540121)"
Pante Cucina Siciliana,Italiana,Medio,194 opiniones,Delicioso,"C. de Villanueva, 21, 28001 Madrid","(40.4224831, -3.6849051)"
La Gaditana Castellana,Internacional,Medio,1971 opiniones,Con ganas de volver!,"P.¬∫ de la Castellana, 56, 28046 Madrid","(40.4656834, -3.6897359)"
Hddn Premium Mixology & Cuisine,Bares y pubs,Alto,47 opiniones,lugar especialmente bonito,"Pl. de Prta Cerrada, 7, 28005 Madrid",
Teta & Sopa,Japonesa,Medio,19 opiniones,Comida sorprendente,,"(44.933143, 7.540121)"
RESTAURANTE DOLCE VITA COSLADA,Mediterr√°nea,Medio,420 opiniones,13.6 km,"C. de Venezuela, 1, 28823 Coslada, Madrid",
Restaurante Morgana,Mediterr√°nea,Medio,978 opiniones,Buena cena de gastronom√≠a gallega,"C. de la Libertad, 5, 28004 Madrid","(40.4204587, -3.6974459)"
Macuto / Aut√©ntico Latino,Mexicana,Medio,41 opiniones,Recomendable,"C. del Esp√≠ritu Santo, 40, 28004 Madrid","(40.4256072, -3.7051152)"
La Rollerie- Calle Mayor,Americana,Medio,766 opiniones,Desayuno rico,,"(44.933143, 7.540121)"
Oven Mozzarella Gran V√≠a 55,Italiana,Medio,2264 opiniones,Comida en familia,"C.Gran V√≠a, 55, 28013 Madrid","(40.4216379, -3.7084213)"
Amordmadre,Mediterr√°nea,Medio,428 opiniones,RECOMENDADO 100%,"C. de la Sierra de Palomeras, 40, 28031 Madrid","(40.3750349, -3.6256439)"
Campesino Burger Al Carb√≥n,Americana,Bajo,239 opiniones,Buena materia prima a un precio razonable,"C. de Atocha, 111, 28012 Madrid","(40.4104634, -3.6948924)"
Camino Sacramento,Restaurante de carne,Medio,430 opiniones,Gran lugar para comer bien,"de El Corte Ingl√©s de Callao zona Gourmet Experience, Pl. del Callao, 2, 9¬™ planta, 28013 Madrid",
Restaurante √Åtico,Mediterr√°nea,Alto,1123 opiniones,Inmejorable,"C. del Marqu√©s de Valdeiglesias, 1, 28004 Madrid","(40.4193652, -3.6971316)"
GastroV√≠a 61,Mediterr√°nea,Medio,2039 opiniones,Genial,"Hotel Mayorazgo, C. de la Flor Baja, 3, 28013 Madrid",
Massa Pizza,Italiana,Medio,452 opiniones,"Buena pizza, buena atenci√≥n üëåüèº","C. de Fern√°ndez de los R√≠os, 47, 28015 Madrid","(40.4351596, -3.7108818)"
Yatai Market,Tentempi√©s,Medio,335 opiniones,Mercado con esp√≠ritu oriental,"Calle del Dr Cortezo, 10, 28012 Madrid","(40.41308265, -3.703991681218869)"
La Piperna,Italiana,Medio,478 opiniones,Excelente comida y amplia carta de vinos,"C. de la Infanta Mercedes, 98, 28020 Madrid","(40.4638524, -3.6928837)"
MICASITA BUVETTE,Mediterr√°nea,Medio,115 opiniones,Tercio fr√≠o,"C. de Gutenberg, 6, 28014 Madrid","(40.405018749999996, -3.681200689936439)"
Trattoria La Tavernetta,Italiana,Medio,326 opiniones,Excelente,"C. de Orellana, 17, 28004 Madrid","(40.4261186, -3.6941121)"
Burmet,Mexicana,Medio,89 opiniones,No quebr√≥,,"(44.933143, 7.540121)"
Pok√© Friendly,Japonesa,Medio,53 opiniones,Muy rico y muy contentos!,,"(44.933143, 7.540121)"
Nacho Bravo,Mexicana,Bajo,157 opiniones,Rico rico,"Paseo de las Delicias, 139, 28045 Madrid","(40.3920567, -3.6946390450983797)"
Restaurante La Gaditana,Mediterr√°nea,Medio,2384 opiniones,Buen bar cerca del wizink,,"(44.933143, 7.540121)"
Queen Burger Gourmet,Italiana,Medio,289 opiniones,Hamburguesas muy buenas,,"(44.933143, 7.540121)"
Santita Fuencarral,Mexicana,Medio,1072 opiniones,Comida sabrosa y c√≥cteles de rechupete,,"(44.933143, 7.540121)"
Yakitoro Castellana,Japonesa,Medio,2262 opiniones,Mejor de lo esperado,"P.¬∫ de la Castellana, 130, 28046 Madrid","(40.4501985, -3.6901909)"
La Capricciosa Italiana,Italiana,Bajo,122 opiniones,Muy rico todo,"C. de las Maldonadas, 4, 28005 Madrid","(40.4110151, -3.707641545906433)"
Restaurante Luxury,China,Medio,546 opiniones,pato trufa .nigri.uramakir,"Calle de Sandoval, 18, 28010 Madrid","(40.4302666, -3.704908)"
Lafayette,Francesa,Medio,200 opiniones,Buena opci√≥n,,"(44.933143, 7.540121)"
La Tabarra Madrid,Bar,Medio,71 opiniones,Camarero muy atento i eficiente.,"C. de Guzm√°n el Bueno, 50, 28015 Madrid","(40.4358894, -3.7129806)"
Bar Selva,Mediterr√°nea,Bajo,175 opiniones,Buen sitio para ir de men√∫,,"(44.933143, 7.540121)"
Impasta,Italiana,Medio,66 opiniones,Varios d√≠as en Madrid,,"(44.933143, 7.540121)"
Viva Chapata,Bar,Medio,184 opiniones,Comida vegana en Lavapies,"C. del Ave Mar√≠a, 43, 28012 Madrid","(40.4094543, -3.7009105)"
El Cocodrilo,Bar,Medio,226 opiniones,Buen sitio para ir con amigos. Buena carne,,"(44.933143, 7.540121)"
Passaparola L¬¥Originale,Italiana,Medio,300 opiniones,Italiano DELICIOSO!!,"C. de Guare√±a, 10, 28044 Madrid","(40.3878815, -3.7660957)"
L' Incanto Gastrobar,Italiana,Medio,25 opiniones,"No hay palabras a la lengua, para describir lo rico que esta","C. de Eraso, 14, 28028 Madrid","(40.4340666, -3.6710249)"
Pasta Mito,Italiana,Medio,221 opiniones,Comida italiana,"C. de Bolivia, 9, 28016 Madrid","(40.4575854, -3.6784512)"
Taberna el Sur,Bar,Medio,8580 opiniones,Excelente calidad,,"(44.933143, 7.540121)"
Propaganda,Italiana,Medio,135 opiniones,Italiano acogedor,,"(44.933143, 7.540121)"
Pituca Lounge,Bares y pubs,Medio,185 opiniones,Recomendado 100%,"P.¬∫ del Pintor Rosales, 24, 28008 Madrid","(40.4265242, -3.7190804)"
Divina Dolores,Internacional,Medio,63 opiniones,Excelente restaurante,"Av. del Monasterio de El Escorial, 10, 12, 28949 Madrid",
Puccias | Sandwicher√≠a Delicatessen,Comida r√°pida,Medio,72 opiniones,100% recomendable,"C. de la Libertad, 9, 28004 Madrid","(40.4207109, -3.6974311)"
Lamucca de Prado,Italiana,Medio,1958 opiniones,Sorprendente,"C. del Prado, 16, 28014 Madrid","(40.4146932, -3.698712851549911)"
El Rincon del Cabo,Bar,Medio,394 opiniones,Chulo,"C. de Lavapi√©s, 8, 28012 Madrid","(40.4116527, -3.7030479)"
Sublime Dreams Food,Americana,Medio,243 opiniones,MUY BIEN,"C. Oslo, 53, 28922 Alcorc√≥n, Madrid","(40.33970455, -3.8476277532704177)"
WelkhomeClub,Latina,Bajo,168 opiniones,Welcome Club lugar para pasarla incre√≠ble,"Calle del Monte Esquinza, 15, 28010 Madrid",
niM√ö Barquillo,Mediterr√°nea,Medio,870 opiniones,"Comida muy rica, ambiente cl√°sico",,"(44.933143, 7.540121)"
Mes√≥n Molinero,Restaurante de carne,Medio,376 opiniones,Grandioso,"C. de la Alhambra, 72, 28047 Madrid","(40.3972995, -3.7441719)"
Bah√≠a Taberna,Internacional,Medio,1478 opiniones,"comida buena, servicio tb pero algo caro",,"(44.933143, 7.540121)"
Lazzarella,Italiana,Medio,60 opiniones,"Es posible volver,",,"(44.933143, 7.540121)"
L√≥pez & L√≥pez Pizzer√≠a,Italiana,Bajo,167 opiniones,Pizzas originales y riqu√≠simas,,"(44.933143, 7.540121)"
Steakburger Gran V√≠a 55,Americana,Medio,1512 opiniones,"buena comida y una gran atenci√≥n por parte de Ricki el camarero, subirle el sueldo por favor","C.Gran V√≠a, 55, 28013 Madrid","(40.4216379, -3.7084213)"
Tempus Restaurante,Peruana,Medio,33 opiniones,Repetir√≠a una y mil veces,,"(44.933143, 7.540121)"
Gato Gato,Mediterr√°nea,Medio,134 opiniones,Fant√°stico descubrimiento,"C. del Marqu√©s de Toca, 6, 28012 Madrid","(40.410177, -3.6962005)"
Naomi,Japonesa,Medio,763 opiniones,Muy bueno,"C. de √Åvila, 14, 28020 Madrid","(40.452562650000004, -3.7005787678098674)"
Restaurante La Malontina,Internacional,Medio,2196 opiniones,Peque√±o local con muy buen producto,"C. de la Ver√≥nica, 4, 28014 Madrid","(40.411756749999995, -3.6954293222344576)"
Restaurante √âtimo by Bego√±a Fraire,Mediterr√°nea,Alto,887 opiniones,Un maravilloso restaurante,,"(44.933143, 7.540121)"
Caro Club,Bares y pubs,Alto,37 opiniones,Buen servicio y diversi√≥n,,"(44.933143, 7.540121)"
Sushi Tokami,China,Medio,66 opiniones,Buen buffet asi√°tico,"Calle de Modesto Lafuente, 88, 28003 Madrid","(40.4458894, -3.6955555)"
Quispe Madrid,Peruana,Medio,340 opiniones,Buen√≠simo servicio de parte de Jos√© Luis,"C. del Conde de Aranda, 4, 28001 Madrid","(40.4217288, -3.6879591)"
NAP Lavapies,Italiana,Medio,454 opiniones,Pizza,"C. del Ave Mar√≠a, 19, 28012 Madrid","(40.4109231, -3.7004684)"
Mercado de San Ildefonso,Tentempi√©s,Medio,1253 opiniones,S√°bado de Tapas,"Calle de Fuencarral, 57, 28004 Madrid","(40.42415565, -3.700857418597951)"
Bresca,Italiana,Bajo,790 opiniones,Correcto!!,,"(44.933143, 7.540121)"
Trattoria da Alfredo,Italiana,Medio,115 opinionesCierra en 11 minutos,De los sitios que recomiendas a amigos con buen paladar,"C. de El Espa√±oleto, 4, 28010 Madrid",
Piccolina,Italiana,Medio,79 opinionesCierra en 11 minutos,16 km,,"(44.933143, 7.540121)"
Los Grifos,Pub con cerveza artesanal,Medio,229 opiniones,L√∫pulo Madrid,,"(44.933143, 7.540121)"
El Horno Azul,Tentempi√©s,Bajo,117 opiniones,"Bueno, bonito, barato. Pizza hecha al momento, riqu√≠sima.","C. de Leganitos, 14, 28013 Madrid","(40.4216345, -3.7100146)"
The Spanish Farm,Espa√±ola‚Ç¨‚Ç¨ - ‚Ç¨‚Ç¨‚Ç¨,Medio,507 opiniones,Extraordinario,"C. de Espalter, 5, 28014 Madrid",
Dolores y Lola,Mediterr√°nea,Medio,268 opiniones,Excelente restaurante en Malasa√±a,"Calle de Montele√≥n, 17, 28004 Madrid","(40.4290217, -3.7048621)"
Trattoria Popolare Fratelli Figurato,Italiana,Medio,149 opiniones,La mejor pizza que he comido en Madrid.,"Calle de Larra, 13, 28004 Madrid","(40.4274131, -3.7000906)"
Aboca Restobar,Italiana,Bajo,87 opiniones,Es mi primera vez en Madrid,"C. de Tampico, 34, 28027 Madrid","(40.4397477, -3.6322141)"
Brew Wild Pizza Bar,Bares y pubs,Medio,382 opiniones,#Fromüá®üá∑W/loveüñ§,"Calle de Echegaray, 23, 28014 Madrid","(40.4147419, -3.6995268)"
Palki Indian Restaurant,India‚Ç¨‚Ç¨ - ‚Ç¨‚Ç¨‚Ç¨Carta,Medio,33 opiniones,Op√≠para comida hind√∫ de calidad,"C. de Ferraz, 54, 28008 Madrid","(40.4276743, -3.7186385)"
Ponja Nikkei,Japonesa,Alto,91 opinionesCierra en 11 minutos,Mejor japon√©s que he probado.,"Calle del Almirante, 20, 28004 Madrid","(40.4224372, -3.6934129)"
El miniBAR,Bares y pubs,Bajo,2560 opiniones,Un sitio estupendo.,"C/ del Mes√≥n de Pa√±os, 1, 28013 Madrid","(40.4162893, -3.7091977)"
Murillo Caf√© - Restaurante,Mediterr√°nea,Medio,1000 opiniones,Muy bien!,"C. de Ruiz de Alarc√≥n, 27, 28014 Madrid","(40.413041, -3.6913164)"
Mano De Santa,Internacional,Alto,178 opiniones,Excelente,"Calle del General D√≠az Porlier, 95, 28006 Madrid","(40.4340894, -3.6765661)"
La Taberna de Mister Pinkleton,Bar,Medio,886 opiniones,Encantada,"Pl. de San Miguel, s/n, 28005 Madrid",
Il Boccone,Italiana,Medio,179 opinionesCierra en 11 minutos,"Buen trato, buena comida","C. de Juan de Mariana, 4, 28045 Madrid","(40.3989517, -3.6869451)"
Grosso Napoletano,Italiana,Medio,383 opiniones,Buena pizza,,"(44.933143, 7.540121)"
Dog & Fox Urban Kitchen,Mexicana,Medio,42 opinionesCierra en 11 minutos,Comida aut√©ntica americana en pleno barrio de Arg√ºelles,,"(44.933143, 7.540121)"
La Taberna De Moncloa,Bar,Bajo,356 opiniones,Buen sitio,"C. de Andr√©s Mellado, 45, 28015 Madrid","(40.4351912, -3.7144425)"
La Sifoner√≠a,Mediterr√°nea,Medio,473 opiniones,Muy recomendable! Carpaccio de pez mantequilla,"C. de Mart√≠n de los Heros, 27, 28008 Madrid","(40.4256682, -3.7147338)"
O`pulpo,Marisco,Medio,353 opiniones,Muy recomendable,"Calle de los Ca√±izares, 8, 28012 Madrid","(40.41281225, -3.7018683059565936)"
Gandar√≠o,Comida r√°pida,Bajo,573 opiniones,Consumici√≥n + tapa rica,,"(44.933143, 7.540121)"
Celicioso by Only YOU Hotels,Caf√© y t√©,Medio,499 opiniones,Desayuno libre de gluten,"C. del Barquillo, 19, 28004 Madrid","(40.4220636, -3.6956952)"
Restaurante El Abuelito,Restaurante de carne,Medio,88 opiniones,9.9 km,,"(44.933143, 7.540121)"
Tot√≤ E Peppino,Italiana,Medio,315 opinionesCierra en 8 minutos,Buena atenci√≥n y comida rica,,"(44.933143, 7.540121)"
Los Porfiados,Mediterr√°nea,Medio,503 opiniones,Muy recomendable,"C. de Buenavista, 18, 28012 Madrid","(40.4101148, -3.6989646)"
Jauja Caf√©,Mediterr√°nea,Medio,127 opiniones,Restaurante discreto con platos ricos a buen precio.,"C. de la Encomienda, 22, 28012 Madrid","(40.410586, -3.7062889)"
Tsukuri Soba,China,Medio,37 opiniones,Gyozas espectaculares,"C. de Andr√©s Mellado, 5, 28015 Madrid","(40.4310638, -3.7146995)"
Manzoni Trattoria,Italiana,Medio,175 opiniones,"La Trattoria Manzoni, uno de los italianos imprescindibles en Madrid, cambia de ubicaci√≥n‚Ä¶","C. de Rosario Pino, 6, 28020 Madrid","(40.4621959, -3.6911748)"
Asador Nuevo Porche,Restaurante de carne,Medio,331 opiniones,El mejor cochinillo,"C. Alar√≥, 5, 28042 Madrid","(40.4713093, -3.5825308)"
Il Cratere del Gusto,Italiana,Medio,185 opiniones,Peque√±ito pero coqueto,"C. del Marqu√©s de Urquijo, 27, 28008 Madrid","(40.4295758, -3.7191152)"
Restaurante Justo a tu Gusto,Brasile√±a,Medio,211 opiniones,14.6 km,"Av. de la Ermita, 2, 28100 Alcobendas, Madrid","(40.5355406, -3.6369201)"
Asian Army,Asi√°tica,Medio,53 opiniones,Delicioso,"Calle de Santa Isabel, 5 Dentro Mercado Anton Martin Planta Baja, puesto 7-11, 28012 Madrid",
Almalibre A√ßa√≠ House Madrid,Caf√©,Medio,151 opiniones,Brunch incre√≠ble,"C. de la Libertad, 17, 28004 Madrid","(40.4211249, -3.6974103)"
Sr. Ito Lab,Japonesa,Medio,231 opiniones,Totalmente recomendable. Excelente en todos los sentidos,"C. de Trafalgar, 7, local 2, 28010 Madrid",
Mafrens Healthy Food,Caf√© y t√©,Medio,49 opiniones,Muy recomendable,"Pl. de Cascorro, 12, 28005 Madrid","(40.4099472, -3.7074617)"
Cervecer√≠a La Mayor,Bar,Medio,438 opiniones,Gran variedad de cervezas,"C. Mayor, 77, 28013 Madrid","(40.415035450000005, -3.712047951670306)"
Trinakria,Italiana,Bajo,24 opiniones,La migliore pizzeria di Madrid ‚ù§Ô∏è,"C. de L√≥pez de Hoyos, 182, 28002 Madrid","(40.4476193, -3.668826)"
Queen Burger las Tablas,Americana,Medio,169 opiniones,Sugerencia sobre Smash Burguers,"C. de Castiello de Jaca, 14, 28050 Madrid","(40.5093876, -3.6783414)"
Don Giovanni,Italiana,Medio,1005 opinionesCierra en 8 minutos,Delicioso,"Paseo de la R. Cristina, 23, posterior, 28014 Madrid",
Osteria Bravissimo,Francesa,Alto,61 opiniones,Una agradable sorpresa.,"P.¬∫ del Pintor Rosales, 52, 28008 Madrid","(40.4294078, -3.721906)"
La Pulper√≠a De Victoria,Marisco,Medio,1314 opiniones,Cerca de sol. Recomendable,"Junto a, Calle de La Victoria, Prta del Sol, 2, 28012 Madrid",
DokiDOki,Japonesa,Medio,908 opinionesCierra en 8 minutos,Muy recomendable,"C/ de Villalar, 4, 28001 Madrid","(40.4210879, -3.6898191)"
Alcaravea,Mediterr√°nea,Medio,523 opiniones,Cena con amigos,,"(44.933143, 7.540121)"
Lamucca de Almagro,Internacional,Medio,953 opiniones,Para disfrutar con amigos,"C. de Almagro, 3, 28010 Madrid","(40.4283158, -3.6952621)"
Matador,Bar,Bajo,231 opiniones,Sabor de Marruecos en Val√®ncia,,"(44.933143, 7.540121)"
La Bajada Street Food,Peruana,Medio,408 opiniones,Atenci√≥n estupenda,,"(44.933143, 7.540121)"
Pomodoro e Basilico,Italiana,Medio,21 opiniones,Cena improvisada,"C. San Anastasio, 4, 28005 Madrid","(40.3972382, -3.7033722)"
Grosso Napoletano,Italiana,Bajo,188 opiniones,Buenas pizzas,,"(44.933143, 7.540121)"
Bresca,Italiana,Medio,146 opiniones,Pizzer√≠a en madrid,,"(44.933143, 7.540121)"
Gagos pizza,Italiana,Bajo,68 opiniones,14.9 km,,"(44.933143, 7.540121)"
Larepera,Bares y pubs,Bajo,56 opinionesAbre en 6 minutos,INDUSTRIABAR,"Pl. Mos√©n Rub√≠, 5, 05001 √Åvila","(40.6573029, -4.6998653)"
Artemisa Sol-Gran Via,Mediterr√°nea,Medio,387 opinionesCierra en 6 minutos,PARA REPETIR COMIDA MUY BUENA,"C. de las Tres Cruces, 4, 28013 Madrid","(40.419207, -3.7029076)"
FORNERIA BALLARO,Italiana,Medio,253 opiniones,Recomendable,"Calle de Sta Engracia, 90, 28010 Madrid","(40.437811, -3.6998016)"
Restaurante Chulla Ville,Mediterr√°nea,Medio,59 opiniones,El mejor de la zona con diferencia,"C. de Longares, 34, 28022 Madrid","(40.4317775, -3.6095751)"
Noi Due Ristorante Pizzeria,Italiana,Medio,193 opinionesCierra en 6 minutos,Nuestro Italiano favorito,"C. de Vallehermoso, 59, 28015 Madrid","(40.4368161, -3.7085659)"
Asador Avelino,Restaurante de carne,Medio,310 opiniones,Mejor cochinillo de Madrid,"C. de Joaqu√≠n Turina, 42, 28044 Madrid","(40.3721524, -3.7551029)"
La Carbonera,Mediterr√°nea,Medio,288 opiniones,Muy bien sitio,,"(44.933143, 7.540121)"
Casa Benigna,Mediterr√°nea,Alto,959 opiniones,Arroces y socarras en paelleras especialmente dise√±adas.,"C. de Benigno Soto, 9, 28002 Madrid","(40.4480719, -3.6743241)"
Trattoria Adriana,Italiana,Bajo,42 opinionesCierra en 6 minutos,Maravilloso,"Calle de Dagua, 12 Calle Zapatoca esq, C. de Zipaquir√°, 28033 Madrid",
Pez Tortilla,Pub con cerveza artesanal,Bajo,219 opiniones,"Recomendable, bar animado perfecto para un alto en el camino.",,"(44.933143, 7.540121)"
Wok Garden Parrilla,China,Medio,74 opiniones,14.3 km,"Av. de Europa, 2, 28922 Alcorc√≥n, Madrid","(40.3501987, -3.8474245)"
Mu! El Placer De La Carne,Restaurante de carne,Medio,2968 opiniones,Encantador,,"(44.933143, 7.540121)"
Hot Now,Italiana,Medio,150 opinionesCierra en 6 minutos,Muy muy bien,"C. de Barbieri, 14, 28004 Madrid","(40.4213703, -3.6979947)"
Mercado de San Miguel,Bar,Medio,34.374 opiniones,El Mercado!,"Pl. de San Miguel, s/n, 28005 Madrid",
La Bella Anna,Italiana,Medio,243 opiniones,LUGAR AGRADABLE PARA COMER,"Av. del Monasterio de Silos, 25, 28049 Madrid","(40.5037656, -3.7109163)"
Restaurante Marina Ventura,Marisco,Medio,1595 opiniones,Paella incre√≠ble,"C. de Ventura de la Vega, 13, 28014 Madrid","(40.4153709, -3.6989014)"
desenga√±o13,Mediterr√°nea,Medio,421 opiniones,Raciones y charla,"C. del Desenga√±o, 13, 28004 Madrid","(40.4210185, -3.7043409)"
Los Montes de Galicia,Internacional,Medio,11.477 opinionesCierra en 6 minutos,Super experiencia,"C. de Azcona, 46, 28028 Madrid",
GO!Sushing Getafe,Japonesa,Medio,22 opinionesCierra en 6 minutos,11.3 km,"P.¬∫ de La Estaci√≥n, 13, Portal E, 28904 Madrid",
Casa Jaguar Madrid,Mexicana,Medio,699 opiniones,5‚ú®‚ú®‚ú®‚ú®‚ú®,,"(44.933143, 7.540121)"
Aura Cafe,Caf√©,Medio,29 opiniones,Personal muy agradable,,"(44.933143, 7.540121)"
Le Coq Atocha,Francesa,Medio,114 opiniones,Muy bueno!,"C. de Atocha, 43, 28012 Madrid","(40.4133316, -3.7010547)"
Cafeteria HD,Bar,Medio,692 opiniones,Ah√≠ sigue,"C. de Guzm√°n el Bueno, 67, 28015 Madrid","(40.4360368, -3.7132048)"
Casa Macareno,Mediterr√°nea,Medio,424 opiniones,Volver√© para probar la ensaladilla,"C. de San Vicente Ferrer, 44, 28004 Madrid","(40.4258981, -3.7048334)"
Oter Epicure,Mediterr√°nea,Medio,407 opiniones,"MUY BUEN SITIO PARA COMER A UN PRECIO RAZONABLE,PERO NO CUMPLEN COVID","C. de Claudio Coello, 71, 28001 Madrid","(40.4224667, -3.686977)"
Xiaolongkan Hot Pot,China,Medio,35 opiniones,Un viaje a China sin salir de Madrid!!,"C. Maestro Arb√≥s, 3, 28045 Legazpi, Madrid","(40.3903916, -3.6948041)"
Panaria,Caf√© y t√©,Medio,42 opiniones,Atenci√≥n cuidada,,"(44.933143, 7.540121)"
MY Pasta Room,Italiana‚Ç¨‚Ç¨ - ‚Ç¨‚Ç¨‚Ç¨,Medio,47 opiniones,Muy recomendable,"C. del Esp√≠ritu Santo, 16, 28004 Madrid","(40.4253956, -3.703005727508269)"
Pizzeria Fratelli Figurato,Italiana,Bajo,320 opiniones,"Bueno, pero puede mejorar","C. de Alonso Cano, 37, 28003 Madrid","(40.4389491, -3.6978327)"
Everest Curry House,India,Medio,23 opiniones,Genial,"Pl. Tres Olivos, 1, 28034 Madrid","(40.500384, -3.6904552)"
Da Nicola Gran V√≠a,Italiana,Medio,824 opiniones,De lo menor cerca de La Plaza Espa√±a,"Pl. de los Mostenses, 11, LOCAL, 28015 Madrid",
That's Amore,Italiana,Medio,55 opiniones,Las mejores pizzas de Madrid,"C. de Pelayo, 6, 28004 Madrid","(40.4220213, -3.6989735)"
Alduccio,Italiana,Medio,220 opiniones,Muy recomendable,"Av. de Concha Espina, 8, 28036 Madrid","(40.4518121, -3.6881503)"
Restaurante La Vanduca,Mediterr√°nea,Medio,342 opiniones,"Croquetas, ensaladas y tortilla","C. de Columela, 2, 28001 Madrid","(40.4210631, -3.6881291)"
Pans & Company,Caf√©,Bajo,28 opiniones,Buenos bocadillos,,"(44.933143, 7.540121)"
Trattoria In Crescendo,Italiana,Medio,175 opiniones,Buenas pizzas,"C. de Jaime el Conquistador, 31, 28045 Madrid","(40.39472105, -3.6981316481717554)"
Fasf√∫ Burguers,Postres,Bajo,79 opiniones,Comida R√°pida,"C. de San Marcos, 24, 28004 Madrid","(40.4213416, -3.6983741)"
MEGU,China,Medio,129 opiniones,UN ASI√ÅTICO DE CONFIANZA,"Tr.¬™ de San Isidoro de Sevilla, 28, 28005 Madrid",
Fratelli d'italia Lavapi√©s,Italiana,Bajo,198 opiniones,Un viaje a Italia sin salir de Madrid,"C. del Sombrerete, 1, 28012 Madrid","(19.3386613, -99.0036553)"
Piccola Napoli,Italiana,Medio,14 opiniones,Buena comida italiana en Madrid,,"(44.933143, 7.540121)"
La Taberna de Francesco,Italiana,Bajo,55 opiniones,"Voy pr√°cticamente todos los d√≠as;Francesco y Sara son como familia,el trato es inmejorable y la comida espectacular.","C. de R√≠os Rosas, 53, 28003 Madrid","(40.4419464, -3.696326724028965)"
Bowlers Kitchen,India,Medio,49 opiniones,Good Vibes Delivery üõµü•ó,,"(44.933143, 7.540121)"
El Brasero de Don Pedro,Restaurante de carne,Alto,847 opiniones,Mucho m√°s de lo que esperaba,"Av. de Arag√≥n, 358, 28022 Madrid","(40.4493265, -3.5712382243055556)"
nonsolocaff√©,Italiana,Medio,192 opiniones,Aut√©ntica comida italiana,"C. de R√≠os Rosas, 52, 28003 Madrid","(40.441531499999996, -3.6958216905887156)"
Solito Taqueria,Mexicana‚Ç¨‚Ç¨ - ‚Ç¨‚Ç¨‚Ç¨Carta,Medio,54 opiniones,Cocina mexicana con cari√±o.,"C. de la Pasa, 4, 28005 Madrid","(40.4142895, -3.708957)"
Restaurante La Rita,Internacional,Medio,40 opiniones,Comida grupo fenomenal,,"(44.933143, 7.540121)"
Asia Te,China,Medio,163 opiniones,Buen√≠simo,"C. de Agust√≠n de Fox√°, 27, 28036 Madrid","(40.4707986, -3.6852032)"
Diaz y Larrouy,Mediterr√°nea,Medio,136 opiniones,"Una pena, se alquila","C. de Embajadores, 65, 28012 Madrid","(40.40392185, -3.701302795617484)"
Mad by Roble√±o,Mediterr√°nea,Medio,35 opiniones,Para repetir.,"Calle de Diego de Le√≥n, 26, 28006 Madrid","(40.4345345, -3.682570563157822)"
El Cunzato,Italiana,Bajo,31 opiniones,¬°Gran descubrimiento!,"C. de Sta. Isabel, 5, 28012 Madrid","(40.4117321, -3.6984768)"
Crudo,Mediterr√°nea,Medio,13 opiniones,Muy recomendable,,"(44.933143, 7.540121)"
La Lonja Restaurante,Marisco,Medio,550 opiniones,Agradable sitio en un lugar privilegiado,,"(44.933143, 7.540121)"
Federica By Chef Oswaldo Sanchez,Italiana,Medio,72 opiniones,BUEN√çSIMO,,"(44.933143, 7.540121)"
